Price,Close,High,Low,Open,Volume
Ticker,MSFT,MSFT,MSFT,MSFT,MSFT
Date,,,,,
2020-03-02,165.39088439941406,165.5153222915378,155.35965672866865,158.23119253790156,71030800
2020-03-03,157.4654998779297,167.50631207086104,155.31184729416148,166.35770028059628,71677000
2020-03-04,163.246826171875,163.39039713117188,158.5279277026881,161.2750404354644,49814400
2020-03-05,159.1500701904297,163.5530824415987,158.59490491857662,158.93948975609285,47817300
2020-03-06,154.6514129638672,156.12546214910608,149.31991909829503,155.64687266481667,72821100
2020-03-09,144.1702423095703,150.99493069721586,143.57679622556182,144.53397486706558,70419300
2020-03-10,154.0292205810547,154.13451083999507,146.04635238448986,151.38741218226505,65354400
2020-03-11,147.0513916015625,150.94710193161995,144.6775775344153,150.40151758117216,56371600
2020-03-12,133.10525512695312,146.8982023979123,132.64581348380904,139.07805490937238,93226400
2020-03-13,152.02870178222656,154.97681406872138,134.7037606599893,141.18386485149557,92727400
2020-03-16,129.62115478515625,142.95466341800056,129.2191414311284,134.00503555820723,87905900
2020-03-17,140.293701171875,141.18387042907835,129.21913564695305,134.00502955980318,81059800
2020-03-18,134.387939453125,139.74814824153316,129.23832584000215,132.0907154611752,81593200
2020-03-19,136.5989532470703,143.7203491794158,133.04781450548256,136.65638162150603,85922700
2020-03-20,131.46852111816406,140.80101492188504,130.0423193712447,139.7481123428989,84866200
2020-03-23,130.15713500976562,134.55059564997975,126.84530540908241,131.14302774685214,78975200
2020-03-24,141.98789978027344,143.1939544165174,135.22065325461648,137.59445259067172,82516700
2020-03-25,140.6287078857422,147.72140631630424,138.25490854547172,142.53349896031997,75638200
2020-03-26,149.42515563964844,149.95160680414702,142.01658782883592,142.04530201913704,64568100
2020-03-27,143.28965759277344,148.25741769895353,142.81106821229966,145.2518769737937,57042300
2020-03-30,153.36875915527344,153.72292525245413,143.5863903880051,145.91234252930232,63420300
2020-03-31,150.95664978027344,157.72389517204311,149.8558855807532,152.5742694137717,77927200
2020-04-01,145.596435546875,150.99492219682824,144.36168159521696,146.44832390564008,57969900
2020-04-02,148.6115264892578,148.82210692462394,143.92135774966968,145.35712547877435,49630700
2020-04-03,147.24276733398438,150.6407538591291,145.67299521096842,148.4583880931163,41243300
2020-04-06,158.19290161132812,159.3702271276279,150.83219629181505,153.4548707529352,67111700
2020-04-07,156.48915100097656,162.72037908322392,156.2689893839847,162.32793231073012,62769000
2020-04-08,158.0589599609375,159.53300907348805,156.49875364536553,158.57583015210966,48318200
2020-04-09,158.06846618652344,160.2029702773397,156.33597533666455,159.23622519351733,51385100
2020-04-13,158.42259216308594,158.48003513576637,155.3500576696247,157.31227631611432,41905300
2020-04-14,166.261962890625,166.3098247540783,160.80604638092177,161.76322522842725,52874300
2020-04-15,164.51988220214844,166.13751656730375,161.99293097885268,163.8689930811695,40940800
2020-04-16,169.45892333984375,169.68865150302491,165.49620380864962,166.83626285245634,50479600
2020-04-17,170.95208740234375,172.29213147163583,168.33897955914676,171.81354221754793,52765600
2020-04-20,167.56365966796875,171.09565053903464,167.4966647702498,169.06643686790306,36669600
2020-04-21,160.6337432861328,166.23323015638763,158.99696121305,166.07051152310385,56203700
2020-04-22,166.08966064453125,166.5491023546214,163.50528094286486,164.05086523508652,34620200
2020-04-23,164.07960510253906,167.56373571044148,163.59144912202368,166.6544186775328,32790800
2020-04-24,167.0755615234375,167.0851280534436,163.3999984573585,164.69218106687302,34277600
2020-04-27,166.59695434570312,169.3249048560136,165.87907032634968,169.02818179820954,33194400
2020-04-28,162.5385284423828,168.1475967515049,162.13651510211812,168.0710206954465,34392700
2020-04-29,169.8322296142578,170.07152431727428,164.519898891604,165.8025149944787,51286600
2020-04-30,171.53599548339844,172.67502582955896,168.68359253746573,172.2921602045926,53875900
2020-05-01,167.09466552734375,170.99037460873743,166.55863327388903,168.27199104759472,39370500
2020-05-04,171.1818389892578,171.33499108993863,166.3576646609175,167.01812031538887,30372900
2020-05-05,173.01962280273438,175.78586876142296,172.19644850678958,172.88561836411026,36839200
2020-05-06,174.723388671875,176.3123087755195,173.85236717889725,174.28309466098733,32139300
2020-05-07,175.73800659179688,176.6473233913739,174.76168027590157,176.28359082938823,28316000
2020-05-08,176.7717742919922,177.07807851947766,175.50830586708815,177.05893085391247,30877800
2020-05-11,178.74356079101562,179.480577895145,175.0201361260951,175.30727805996978,30892700
2020-05-12,174.6946563720703,179.03067414607514,174.49365705044374,178.80096063564477,32038200
2020-05-13,172.05287170410156,176.16874304424806,168.98032164396082,174.73297499108446,44711500
2020-05-14,172.79945373535156,172.9526058186347,168.15713162286323,169.93748442621697,41873900
2020-05-15,175.31687927246094,179.04987089422696,169.4206541318444,171.39244019900235,46610400
2020-05-18,176.9918975830078,178.22665154471989,176.08258083844325,177.79592409786156,35264500
2020-05-19,175.76675415039062,178.60957645886265,175.63274969770194,177.10679867727748,26799100
2020-05-20,178.2047576904297,178.3871305136739,176.55382375357337,177.38888389572662,31261300
2020-05-21,176.0642852783203,179.17418700775042,175.92990762220046,177.95518028333498,29119500
2020-05-22,176.14105224609375,177.05291620338292,175.21000194469843,175.83390963368913,20826900
2020-05-26,174.27899169921875,179.0110185646772,173.8278635638584,178.85743991305102,36073600
2020-05-27,174.5093231201172,174.6821027430199,169.50854156521802,172.96397291656262,39517100
2020-05-28,174.1157989501953,176.75537151482436,173.13676803502756,173.48231266569437,33810200
2020-05-29,175.89151000976562,176.87055553063638,173.16555506136842,175.39238675358726,42130400
2020-06-01,175.4884033203125,175.65157515719272,174.1734208050576,175.21004016334763,22622400
2020-06-02,177.48484802246094,177.57123051143805,174.06780398409765,176.85134714449978,30794600
2020-06-03,177.9167938232422,178.47350544307963,176.2082716243914,177.39848418880933,27311000
2020-06-04,175.57473754882812,178.3774814657733,174.97963870194747,176.8993275200795,28761800
2020-06-05,179.68284606933594,180.19156236543537,174.70125191879484,175.28675751472872,39893600
2020-06-08,180.7963104248047,180.97868322299243,177.03372174610007,178.4734884946584,33211600
2020-06-09,182.17848205566406,183.04233621417097,179.7404689171917,180.45075909258605,29783900
2020-06-10,188.935791015625,190.5483374184694,183.33989572978047,183.4550870310254,43872300
2020-06-11,178.7902374267578,187.89915227221888,178.59827145778436,185.3747712203923,52854700
2020-06-12,180.2012176513672,184.02139478658034,177.7440033475555,182.88877062323658,43373600
2020-06-15,181.35301208496094,183.1575243313192,176.62097134724394,177.1680897119196,32770200
2020-06-16,185.797119140625,187.7264014401968,183.77184652630078,185.14441722165304,42556700
2020-06-17,186.44020080566406,188.43667912161857,185.9122834018671,187.19847151579805,25687800
2020-06-18,188.43667602539062,188.5998478300532,186.20982979362395,186.20982979362395,23061600
2020-06-19,187.31365966796875,191.28741555293973,186.56498208428334,190.6155272914356,44441100
2020-06-22,192.5160369873047,192.69839515722148,187.3904557312936,187.9279663598332,32818900
2020-06-23,193.80223083496094,195.7603074164586,193.34149487196547,193.9749958365343,30917400
2020-06-24,189.89561462402344,195.0883763989473,188.66701495049006,193.50463898033323,36740600
2020-06-25,192.29525756835938,192.55441970306296,187.6208192009114,189.8572588057207,27803900
2020-06-26,188.44627380371094,191.8633179050225,187.05450219787085,191.70973926885765,54675800
2020-06-29,190.47154235839844,190.55792484717963,185.7779034024476,187.91835250772525,26701600
2020-06-30,195.33795166015625,196.19221269128647,189.7996593627015,189.93403700874228,34310300
2020-07-01,196.4801483154297,198.06390038374025,193.66781121683078,194.98279337525491,32061200
2020-07-02,197.97750854492188,199.6668441295867,196.7681098254072,197.42079701325403,29315800
2020-07-06,202.23922729492188,202.6519680337817,199.73403263748466,200.44432281925558,31897600
2020-07-07,199.88763427734375,206.04983473859397,199.63807995851283,201.99928942933178,33600700
2020-07-08,204.28370666503906,204.69643276987244,200.30995102141637,201.63454111797887,33600000
2020-07-09,205.7139129638672,207.69119060474213,202.97834984568297,207.6431954429014,33121700
2020-07-10,205.08998107910156,205.48352085550894,202.60398723586235,205.04198592289438,26177600
2020-07-13,198.75503540039062,207.1344749546449,198.2079169288768,205.86747300760248,38135600
2020-07-14,199.9835968017578,200.46351902624386,193.91737285414357,197.85274095335467,37591800
2020-07-15,199.68605041503906,202.84394713378967,196.7969236401965,201.1450182076608,32179400
2020-07-16,195.7314910888672,197.4400131481872,194.18614083902548,197.15205686543402,29940700
2020-07-17,194.7332763671875,196.80652956400527,193.30310264624077,196.2594257601162,31635300
2020-07-20,203.1031036376953,203.77499186370676,194.85802818757483,196.76812403001048,36884800
2020-07-21,200.3675537109375,205.34914936573205,199.67646444980613,205.08039405818826,37990400
2020-07-22,203.24708557128906,203.7750030084796,200.02200726398468,200.79947901418083,49605700
2020-07-23,194.40689086914062,202.45039214661074,194.03255211484185,198.87017640461835,67457000
2020-07-24,193.21670532226562,194.71406043410218,189.5788863799343,192.37203745566444,39827000
2020-07-27,195.664306640625,195.77948329356477,192.7943663210033,193.37987205022162,30160900
2020-07-28,193.90780639648438,196.48018284400942,193.6390510854315,195.43395576554883,23251400
2020-07-29,195.86587524414062,196.43218000986818,193.89819100034165,194.3685200993384,19632600
2020-07-30,195.7122802734375,196.24980547575794,191.55616663450482,192.92873718736882,25079600
2020-07-31,196.77774047851562,196.86413762541622,191.01867275251885,196.1922346738633,51044000
2020-08-03,207.8447265625,208.90056139620748,201.98968375994193,203.02631760229153,78983000
2020-08-04,204.7252655029297,206.14584617553913,201.86493245533285,205.56993350869016,49280100
2020-08-05,204.38929748535156,206.36657488271786,203.07431516004908,206.27058457085792,28806400
2020-08-06,207.66236877441406,207.6815551197409,203.05511212670442,203.81338285693832,32656800
2020-08-07,203.94776916503906,207.03846983746,202.46000715938482,206.22261074447047,27820400
2020-08-10,199.88763427734375,203.3718747980669,198.0639354292782,203.17030099150136,36716500
2020-08-11,195.2131805419922,199.3117060421688,194.98281258770336,198.8413916071683,36446500
2020-08-12,200.7899169921875,201.83614420980106,196.52820414142744,197.04651383994812,28013100
2020-08-13,200.31956481933594,202.8631617935289,199.79164736083806,201.0298550949573,22588900
2020-08-14,200.51150512695312,201.1738001585949,199.17732189149518,200.3771274861899,17958900
2020-08-17,201.8361358642578,202.7095980282711,200.53074652832532,201.18344851932522,20184800
2020-08-18,202.9975128173828,203.83257282194666,200.8090685911667,202.07605567926134,21336200
2020-08-19,201.7659454345703,204.07514964683784,201.3329742327292,203.48822856121845,27627600
2020-08-20,206.46133422851562,206.8654417016913,201.00586131843818,201.6120151874665,26981500
2020-08-21,204.96035766601562,208.06814597837223,204.79679140552005,205.7685726054539,36249300
2020-08-24,205.60499572753906,207.36575904990627,204.39265869951632,206.66336818458626,25460100
2020-08-25,208.27984619140625,208.4145486960417,205.03735503459245,205.03735503459245,23043700
2020-08-26,212.7827606201172,213.68719797029723,209.13616212854078,209.63649198466678,39600800
2020-08-27,218.00729370117188,222.40437903248466,211.09894307040548,214.45690337766257,57602200
2020-08-28,220.24913024902344,221.91367110887785,218.00728468282475,219.54673943062858,26292900
2020-08-31,216.9970245361328,220.04708516739845,215.8231823144508,218.41140795600424,28774200
2020-09-01,218.6711883544922,218.84437096358388,215.93862928769175,216.97776898664924,25725500
2020-09-02,222.8854522705078,224.04967804549815,218.74815570566622,219.34469313601724,34080800
2020-09-03,209.07839965820312,220.63399282952477,206.8269377039403,220.59551270000665,58400300
2020-09-04,206.14378356933594,210.09828100826311,197.4265738803863,206.96162942341172,59664100
2020-09-08,194.99234008789062,202.08349062755386,194.5497377787411,198.68704974112163,52924300
2020-09-09,203.29580688476562,206.71149507532343,198.87947369928466,199.74543088248743,45679000
2020-09-10,197.59979248046875,206.61528719660927,196.38747004293234,205.32597512707235,35461500
2020-09-11,196.3105010986328,200.7364654599557,193.62606751857373,199.36056203452765,33620100
2020-09-14,197.63824462890625,201.28484219899724,196.31045271149296,196.5125137481953,30375800
2020-09-15,200.88076782226562,201.8429326320979,199.10075705148796,200.5343879034672,21823900
2020-09-16,197.29188537597656,202.67999917944445,196.89739430401985,202.6511354113958,26328100
2020-09-17,195.2328643798828,196.5991366431224,192.39448113744643,192.4810724464651,34011300
2020-09-18,192.80821228027344,195.9448643827786,188.824850417951,195.12703307520093,55225300
2020-09-21,194.87684631347656,195.0404272442857,188.94992248036098,189.72927359605578,39839700
2020-09-22,199.57220458984375,200.226484234231,194.43424850526944,197.30149526191477,33517100
2020-09-23,193.0006561279297,200.22652401144683,192.4618461263752,200.03407928391616,30803800
2020-09-24,195.50222778320312,197.79218423349118,191.66318573680257,192.28860153683476,31202500
2020-09-25,199.95709228515625,201.13091981366975,194.87684872307534,195.84864455021585,29437300
2020-09-28,201.51577758789062,204.52735780399723,200.18798560071832,202.9012971081629,32004900
2020-09-29,199.41827392578125,202.12196938367782,198.98530269607602,201.42920954356148,24221900
2020-09-30,202.3721466064453,203.95971283005656,198.72553338809576,199.8705119762086,33829100
2020-10-01,204.42153930664062,205.8936502720816,203.32467202491068,205.41256787340234,27158400
2020-10-02,198.3887481689453,203.00714181252636,197.76333228511893,200.1302639824499,33154800
2020-10-05,202.4202423095703,202.4491060800491,199.14887306776157,199.37979791306213,21331600
2020-10-06,198.11936950683594,202.2278028813406,197.0706133347851,200.9192727681935,28554300
2020-10-07,201.89105224609375,202.16045722958788,198.89871897520425,199.2258515006656,25681100
2020-10-08,202.6126708984375,203.19959202978103,200.4381836761741,202.54531231348605,19925800
2020-10-09,207.644775390625,207.69288656512367,203.23805900928684,203.23805900928684,26458000
2020-10-12,213.02325439453125,215.39018596845622,208.60692203449696,210.51200399111545,40461400
2020-10-13,214.42803955078125,216.6891326151677,212.0899715436211,214.29333707129456,28950800
2020-10-14,212.5037384033203,215.736613024184,210.8391972527821,214.56277068270265,23421700
2020-10-15,211.34910583496094,212.02261820240022,207.83719579947217,208.88596650177243,22733100
2020-10-16,211.34910583496094,213.87958906415912,211.02197335384307,211.82055715143417,26057900
2020-10-19,206.11497497558594,213.88926946592494,205.63389250475905,212.08039467754486,27625800
2020-10-20,206.52870178222656,209.14579163515614,205.02772680099648,207.63520028970305,22753500
2020-10-21,206.6730194091797,208.71280425916538,205.0565747744682,205.0565747744682,22724900
2020-10-22,206.75958251953125,207.8853135151422,203.69027461830365,205.83589789977742,22351500
2020-10-23,208.04888916015625,208.0970003361188,205.0950508788664,206.894294344403,18879600
2020-10-26,202.13156127929688,208.15470699634687,200.22647929031413,205.7589262972912,37111600
2020-10-27,205.18162536621094,206.54789749901863,202.37210616165964,203.5844284165956,36700300
2020-10-28,195.01156616210938,200.938505204553,194.45352346476508,199.81277408368302,51195600
2020-10-29,196.974365234375,199.51447954120584,195.67543697276443,196.34896403076615,31432600
2020-10-30,194.80950927734375,196.56064158838936,192.06733371002053,195.80053785215156,36953700
2020-11-02,194.67478942871094,197.51317241451213,192.54839893909204,196.5606240570228,30842200
2020-11-03,198.6196746826172,200.24573556056401,195.43491151052956,196.17578252504643,27512000
2020-11-04,208.2028350830078,210.05982073319336,204.38303975159317,205.9225092642402,42311800
2020-11-05,214.841796875,215.64039551423602,212.78276454929107,213.6390907342478,36080100
2020-11-06,215.25555419921875,215.87133920974193,209.78083301990173,213.85078684443036,25231900
2020-11-09,210.127197265625,219.48905786981163,209.63649843948005,215.94829799490412,44395000
2020-11-10,203.02639770507812,208.30868796466146,201.78521152070147,206.3843582836946,44045100
2020-11-11,208.35678100585938,209.7903970972447,204.1713584415026,204.35417209431608,29440800
2020-11-12,207.28880310058594,210.81994643144864,206.34588563352682,208.99183904081778,21593900
2020-11-13,208.31826782226562,209.19384119722386,206.0571896522407,208.1739489940715,18621100
2020-11-16,209.0110321044922,209.50174549395592,206.40357400864679,206.7403228422433,24953300
2020-11-17,206.34585571289062,209.44401265541623,205.98022841519293,207.92380529244616,24154100
2020-11-18,203.62542724609375,207.57097985417323,203.48071586619795,206.10465658000786,28372800
2020-11-19,204.9181365966797,205.50659431946275,202.51606857025564,203.91487189418262,24792700
2020-11-20,202.9598388671875,205.75741620286792,202.58361274659725,204.7059143171039,22843100
2020-11-23,202.689697265625,204.79270071244719,200.80856695312227,203.50002805871765,25683500
2020-11-24,206.30728149414062,206.68350759361277,201.48386241377628,202.18807747793556,33979700
2020-11-25,206.31690979003906,207.68675895454567,204.95671688381378,207.51312294435323,21012900
2020-11-27,207.62887573242188,208.63215505789094,206.48089973496474,207.26230592341696,14512200
2020-11-30,206.50987243652344,207.17549190767758,203.39393309923483,206.53881177353418,33064800
2020-12-01,208.5742645263672,209.64506399789343,205.81526861810434,206.93429049761355,30904500
2020-12-02,207.7639617919922,207.86043606761484,205.28473188349392,207.2912761132014,23724500
2020-12-03,206.67385864257812,208.73828134614044,206.10468402437849,207.03078693135419,25120900
2020-12-04,206.78961181640625,207.77359337524513,205.651277322866,206.65455667851904,24666000
2020-12-07,206.7220916748047,207.92794646359303,205.46801447039047,206.79926814767597,24620000
2020-12-08,208.38134765625,209.28815280657466,205.3715388338167,206.41339913079136,23284100
2020-12-09,204.320068359375,207.6289273201396,203.7509083482671,207.56140709640422,32440600
2020-12-10,203.08523559570312,205.55482374295858,202.93088265652304,204.29109033322288,26733300
2020-12-11,205.72848510742188,205.7863785066773,201.72505277355577,202.63185800308318,30979400
2020-12-14,206.63526916503906,208.57429304394526,205.36189419014732,205.57412580594706,28798400
2020-12-15,206.5677490234375,207.812184662047,204.74449721064735,207.57101370945622,27000600
2020-12-16,211.53582763671875,212.33651682519718,207.1368725886142,207.16581192025404,35023300
2020-12-17,211.67091369628906,213.08900003353037,210.22388802317806,212.1050184542411,32515800
2020-12-18,210.87025451660156,211.93141271644708,208.3910244968293,210.87025451660156,63354900
2020-12-21,214.72897338867188,216.08918114203118,209.60650453017766,209.8669732897354,37181900
2020-12-22,216.0312957763672,217.6616137780728,214.01511013682068,214.82544100823074,22612200
2020-12-23,213.2144317626953,215.664722300724,213.00220013500297,215.23061750586513,18699600
2020-12-24,214.8833465576172,215.71297533065393,213.38808351413238,213.600315157461,10550600
2020-12-28,217.01528930664062,218.04749339049977,215.14380024853057,216.52329111348135,17933500
2020-12-29,216.23387145996094,219.15686224473382,215.68400933921407,218.3175920352169,17403200
2020-12-30,213.85104370117188,217.66155552458864,213.64846839748867,217.27567327011582,20272300
2020-12-31,214.56497192382812,215.12449030176415,211.9217329770077,213.87039840086666,20942100
2021-01-04,210.00204467773438,215.12451393232777,207.223750280704,214.67111131281493,37130100
2021-01-05,210.20462036132812,210.80273440149716,208.08231868048907,209.5872232410857,23823000
2021-01-06,204.754150390625,208.84441527827818,204.4551007475954,204.67697391501935,35930700
2021-01-07,210.580810546875,211.59373143430213,206.1625718994566,206.48090458530808,27694500
2021-01-08,211.8638458251953,212.7899487253861,209.36531838225514,210.95704072206647,22956200
2021-01-11,209.80909729003906,211.17894660014582,209.0759281382161,210.7544833480183,23031300
2021-01-12,207.33949279785156,209.4328697056975,205.78636593059068,208.85405350778225,23249300
2021-01-13,208.69969177246094,209.1048572059806,206.3748002592561,206.46163298922275,20087100
2021-01-14,205.49696350097656,209.78016226797547,205.22685319313948,208.28489931536527,29480800
2021-01-15,205.13998413085938,206.9342964122726,204.54188494369004,205.97926896436093,31746500
2021-01-19,208.7961883544922,209.31711119042717,205.1207450034432,206.20118627495768,30480900
2021-01-20,216.41717529296875,217.81596395680273,209.61615108340143,210.01167500183746,37777300
2021-01-21,217.02490234375,218.30793348539314,214.5649558607472,216.76443361216235,30709400
2021-01-22,217.9702911376953,221.9447982112566,217.82559446264705,219.06038848941193,30172700
2021-01-25,221.4238739013672,221.66504485405198,216.30140522152732,221.02835000618649,33152100
2021-01-26,224.12501525878906,225.90967166577548,221.95447645468326,223.67161264211651,49169600
2021-01-27,224.67486572265625,231.94859029016717,222.0123435609157,229.5947593101219,69870600
2021-01-28,230.4918975830078,234.0708810247615,226.78751525444332,227.28915496140732,49111200
2021-01-29,223.76805114746094,229.6140323700672,223.17959346585073,227.6557255174755,42503100
2021-02-01,231.18650817871094,233.93586338897808,224.22148871794943,226.75861227662148,33314200
2021-02-02,231.05142211914062,233.7525398256425,230.26038902161145,232.77821444261426,25916300
2021-02-03,234.4181671142578,236.43435275542583,230.8102443459254,231.10930869338551,27158100
2021-02-04,233.46311950683594,234.64969117087412,231.88103867469155,234.09017280439656,25296100
2021-02-05,233.6464080810547,234.68826832765416,231.92927213385542,233.67534741680137,18054800
2021-02-08,233.90687561035156,235.0741347325014,232.3054970144389,234.5628535104182,22211900
2021-02-09,235.16098022460938,236.1160077909551,232.855386470844,233.32807212451993,23565000
2021-02-10,234.24453735351562,237.23504842887988,232.38268988590397,236.34754106148685,22186700
2021-02-11,235.8555908203125,236.49227105795933,233.59821912715057,236.13534269686392,15751100
2021-02-12,236.33787536621094,236.63692497119087,234.15768068749534,235.31529823447488,16561100
2021-02-16,235.0934295654297,237.43761875854926,234.34097740959032,236.37646073369578,26728500
2021-02-17,236.1183319091797,236.22469210962927,232.96622513355865,233.3336539630768,21653500
2021-02-18,235.72193908691406,235.85730529761895,232.88891240794374,233.79780614573818,16925600
2021-02-19,232.99526977539062,235.7896266830172,232.2314060034834,235.68326646492164,25262600
2021-02-22,226.74903869628906,230.05585424921347,224.70886718440133,229.56273767902795,36446900
2021-02-23,225.55006408691406,227.05843439973523,221.160304582875,222.70735938022432,30228700
2021-02-24,226.78768920898438,227.4161718858791,221.421360704042,222.39792995298183,26339700
2021-02-25,221.41172790527344,226.8263906391963,220.33846205428335,224.39946279317778,39542200
2021-02-26,224.68951416015625,227.58055228301077,221.94349121300567,223.8676385494366,37819200
2021-03-01,229.0986328125,229.61109163953674,225.4340520450375,228.09304264916807,25324000
2021-03-02,226.13021850585938,229.4467125406438,225.72411990536094,229.16630164142225,22812500
2021-03-03,220.029052734375,225.84982902079332,219.73897808151912,224.47682473467253,34029500
2021-03-04,219.22650146484375,224.79588713553701,216.83824346443632,219.23617996323304,44727800
2021-03-05,223.9353485107422,225.55007913301998,218.96545419151897,221.92418304154947,41872800
2021-03-08,219.86465454101562,225.64674565461442,219.61326440696627,223.71293453599736,35267400
2021-03-09,226.04318237304688,227.59023718245513,224.00301103562117,225.17297326388478,33080500
2021-03-10,224.7281951904297,229.15662455782697,224.3607663454474,229.15662455782697,29746800
2021-03-11,229.28233337402344,231.25481433839158,226.55565245589904,227.18414995839444,29907600
2021-03-12,227.94796752929688,228.01565799490803,225.51136158201115,226.2655466781556,22653700
2021-03-15,227.03909301757812,227.40652185294732,224.1383763269152,227.18413770439608,26034900
2021-03-16,229.8431396484375,232.11535898562002,228.13171258317612,228.46045695052544,28092200
2021-03-17,229.19529724121094,230.65533414161612,225.5113892608555,228.33475184620352,29562100
2021-03-18,223.08447265625,226.43963644067026,222.70738004305798,224.86357551060163,34833000
2021-03-19,222.7267303466797,224.77656567678991,221.75982466209032,223.37455538489735,46430700
2021-03-22,228.18006896972656,229.05994189568952,222.52366503268703,222.6493674880286,30127000
2021-03-23,229.71742248535156,233.07258592628708,229.22430596590922,229.63040452671018,31638400
2021-03-24,227.6676025390625,230.12353630883382,227.53223634315083,229.9785063681459,25620100
2021-03-25,224.6508026123047,229.0985734630601,223.9062960587603,227.51284915826838,34061900
2021-03-26,228.65386962890625,228.87626857609533,223.88703132154123,223.88703132154123,25479900
2021-03-29,227.45489501953125,228.96326550344105,224.2060913796449,228.76020882115643,25227500
2021-03-30,224.17709350585938,226.1109049149975,223.45191422743258,225.8014880077065,24792000
2021-03-31,227.9673309326172,231.187128259121,224.6991853767324,225.20198040543963,43623500
2021-04-01,234.32958984375,234.80336416913414,230.17189260393687,230.5779912058987,30338000
2021-04-05,240.8271942138672,241.6877396410895,234.66799527040416,234.72600724804468,36910600
2021-04-06,239.65724182128906,241.14627007299995,238.70967838838214,239.41551540190804,22931900
2021-04-07,241.6297149658203,242.62562660061505,239.00940892803152,239.6088857071637,22719800
2021-04-08,244.8688507080078,245.72939612824092,243.66021867094952,244.40474013684394,23625200
2021-04-09,247.38282775878906,247.51819396582258,244.08567580070337,244.50143816737415,24326800
2021-04-12,247.44081115722656,249.1425744248552,246.19349469367526,246.28052740899415,27148700
2021-04-13,249.93540954589844,250.61225524306778,248.33034277035014,248.74613458824243,23837500
2021-04-14,247.1313934326172,250.26415806660793,246.71563111541306,248.95885914085616,23070900
2021-04-15,250.9120330810547,251.32779545673958,249.20062058798516,249.39398402644244,25627500
2021-04-16,252.11099243164062,252.36239736570812,249.07492376131896,250.88303276835194,24878600
2021-04-19,250.17715454101562,252.82649604592189,249.28761788114033,251.57917951472078,23209300
2021-04-20,249.7130584716797,251.58885776219208,248.34003948808945,249.2876176321232,19722900
2021-04-21,251.95626831054688,252.05296477976358,248.73648538972924,250.37055834434713,24030400
2021-04-22,248.6591339111328,253.11655470286385,247.17975472336747,251.59850578156508,25606200
2021-04-23,252.50735473632812,252.85545604555438,248.7557568338929,249.3455845078883,21462600
2021-04-26,252.89414978027344,253.7547099344064,251.5598448286297,253.00052474103498,19763300
2021-04-27,253.30026245117188,254.479888469246,251.5114811808997,252.92315510167123,31014200
2021-04-28,246.13548278808594,248.04996646470292,244.5787642096817,247.60516865114695,46903100
2021-04-29,244.15330505371094,247.62450704800176,240.75947202449527,247.0056881116654,40589000
2021-04-30,243.834228515625,244.70445234149068,241.33962524137613,241.47499142489204,30945100
2021-05-03,243.5248260498047,245.9324261177645,242.8093106501304,245.01385406622066,19626600
2021-05-04,239.5895233154297,242.8963533290899,237.62670619996604,242.6642906822587,32756100
2021-05-05,238.313232421875,241.24295530803658,237.6847496622755,240.8175144691284,21901300
2021-05-06,241.46533203125,241.5910344808198,236.5921342853169,238.2938828346981,26491100
2021-05-07,244.10498046875,245.88408313126567,242.8576640531263,243.80522735649544,27032900
2021-05-10,238.99974060058594,243.39916442664116,238.94172861998285,242.567624945774,29299900
2021-05-11,238.08119201660156,238.43895716666268,234.54232828371323,236.45679748397222,33641600
2021-05-12,231.09042358398438,236.29238009968748,230.19120851546433,234.15551236901376,36684400
2021-05-13,234.987060546875,237.47201495470736,233.4303419820662,233.79777082152674,29624300
2021-05-14,239.93763732910156,240.93354899396118,237.36567944671805,237.45269741654624,23901100
2021-05-17,237.06593322753906,238.42927380995854,235.46088097313097,238.3906040735072,24970200
2021-05-18,235.03541564941406,238.2552130765147,234.86136496896637,238.11984688230368,20168000
2021-05-19,235.6168975830078,235.7235033869886,231.23640313623346,231.92448304457386,25739800
2021-05-20,238.87319946289062,240.29783391960277,236.33406189770037,236.43098164099266,21800700
2021-05-21,237.60360717773438,240.66608739317513,237.18688485612623,239.92954769578913,21863100
2021-05-24,243.04051208496094,243.40878938683147,239.87142556782467,240.14278312039954,21411500
2021-05-25,243.95150756835938,244.94971888960728,243.07928896520917,243.99996744361832,17704300
2021-05-26,243.7285614013672,245.13380877705683,243.0113938386869,243.67040068990008,17771600
2021-05-27,241.61590576171875,243.71893443375492,241.55775982050068,243.41850387887536,24426200
2021-05-28,241.97442626953125,244.30036689523058,241.85813441400282,243.25369583184727,18270200
2021-06-01,239.7648162841797,243.53476378625956,239.3384078419396,243.4766178526758,23213300
2021-06-02,239.6679229736328,241.57712675444566,238.25297444018346,240.4723095990206,19406700
2021-06-03,238.1269989013672,238.73754602768915,235.5006273733763,237.65211576944728,25307700
2021-06-04,243.05018615722656,243.8836456812786,239.87141373709244,240.11369831050433,25281100
2021-06-07,245.97698974609375,246.24834728727228,242.10043654311272,242.2651882796942,23079200
2021-06-08,244.77525329589844,248.1090912201015,244.7170925794638,247.28531779785183,22455000
2021-06-09,245.76376342773438,247.64389398471312,245.3955009512483,245.97697502416761,17937600
2021-06-10,249.30113220214844,249.51434381577496,245.84131608625833,246.44217711309096,24563600
2021-06-11,249.9310760498047,250.51253533585495,248.69055070422525,250.02796621364502,18999700
2021-06-14,251.86936950683594,251.9275154393582,248.87470610316913,249.9407641590007,19150500
2021-06-15,250.38653564453125,251.966235670972,249.72752875489684,251.75302408011953,18038900
2021-06-16,249.4368133544922,252.53803808161632,246.5681575606938,251.39446201803466,27220000
2021-06-17,252.8481903076172,253.67196382257416,248.10911914224442,248.16726507734677,27565500
2021-06-18,251.42355346679688,254.2049757817465,250.76454649110775,251.61739296588433,37202200
2021-06-21,254.52481079101562,255.3873285471839,249.96017742223518,251.80153438075388,26696100
2021-06-22,257.3159484863281,257.587306057869,254.3019126543764,254.61204404349655,24694100
2021-06-23,257.08331298828125,258.5951664101783,256.26924034385627,257.7810937657533,19518700
2021-06-24,258.45947265625,259.58367653357374,257.2771228521467,257.94583058586295,21446900
2021-06-25,256.84100341796875,259.0021923210898,256.5890475893359,258.0136819724109,25611100
2021-06-28,260.4268493652344,260.60128716387084,257.7035730643105,257.9749306096631,19590000
2021-06-29,263.0241394042969,263.26642398915266,259.7097028458924,260.57222058858645,19937800
2021-06-30,262.5395812988281,262.98537667253856,261.27971323478516,262.3360705201841,21656500
2021-07-01,263.21795654296875,263.45054026043147,261.27968002877276,261.28935129983205,16725300
2021-07-02,269.0812072753906,269.4204115504062,264.0901516096608,264.400282922575,26458000
2021-07-06,269.0909729003906,270.74819129061393,265.8346524823873,269.4495493778783,31565600
2021-07-07,271.2908020019531,272.02735636997517,268.5965994579856,270.77716002839713,23260000
2021-07-08,268.8583984375,270.12796742500313,266.3870776755661,268.3544275213407,24618600
2021-07-09,269.3623352050781,269.4689262350666,266.8231972731775,267.21084672657895,23916700
2021-07-12,268.7613830566406,271.1357536391102,268.0442007562918,270.54459359872203,18931700
2021-07-13,272.3084716796875,274.12075544543404,268.82926896816707,268.95523209497554,26120100
2021-07-14,273.791259765625,274.90576285138275,271.8917274782308,273.6361940946692,23113700
2021-07-15,272.35693359375,273.7912689162148,271.19395581058893,273.2969989220083,22604200
2021-07-16,272.0856018066406,275.33222131414186,270.8354050077777,273.3648715740466,26186800
2021-07-19,268.4610595703125,271.71735066385236,265.98006742977947,270.32178888783267,32935600
2021-07-20,270.69970703125,272.298779251892,267.7341463091132,269.44951038932874,26259700
2021-07-21,272.7154846191406,272.8317764714701,268.73234079810254,270.29263910977414,24364300
2021-07-22,277.3092346191406,277.58059214764467,274.6731773812075,275.0801988860873,23384100
2021-07-23,280.7303466796875,281.0404485048462,277.6581647923858,278.5013105083251,22768100
2021-07-26,280.12945556640625,280.74971836728116,277.7938579417119,280.0810104744821,23176100
2021-07-27,277.6968994140625,280.64305857964337,274.217696432941,280.4976937484065,33604100
2021-07-28,277.3867492675781,281.19545546676426,275.0704946690018,280.0712515550925,33566900
2021-07-29,277.6581726074219,279.712741438748,277.2511214352917,277.40618714011464,18168300
2021-07-30,276.1171875,277.8131794690923,275.14804923194725,276.3691729139346,20944800
2021-08-02,276.02996826171875,277.91977013661995,274.9832823711018,277.52241989812205,16267400
2021-08-03,278.259033203125,278.365653814384,275.23532590418637,276.6115155470413,17879000
2021-08-04,277.66778564453125,278.71444185138466,275.86517327482574,277.38672729493874,16191300
2021-08-05,280.58489990234375,280.69152049091053,277.27046359767604,278.02639026152593,13900200
2021-08-06,280.5267639160156,280.56553772921,278.7435529938738,279.60610027686425,16589300
2021-08-09,279.431640625,282.5522672188977,278.92769934256637,280.80783006175807,16117600
2021-08-10,277.6000671386719,280.3233442797014,276.39834472078365,279.88722007281575,18616600
2021-08-11,278.09429931640625,279.75151783986774,277.03791234406856,278.3462552102789,13955900
2021-08-12,280.865966796875,281.0210324731041,277.50305573152406,277.784114118174,14561300
2021-08-13,283.8121337890625,283.86057886978705,280.3716753608308,280.54614271809214,18249000
2021-08-16,285.5080871582031,285.72129872098003,281.0694181446876,284.141598902553,22507600
2021-08-17,284.0350036621094,284.3742079389231,282.09672730974523,283.3663255302338,20075300
2021-08-18,282.29705810546875,286.26841947243463,281.85037959056706,283.56905770283316,21813000
2021-08-19,288.1617736816406,288.84148108685145,280.2676202301463,280.3161580595009,29850500
2021-08-20,295.53155517578125,296.96863616381444,289.4143082325147,291.0261609315284,40817600
2021-08-23,295.8131408691406,296.54138593756903,293.09437113328835,294.4537560012145,22830200
2021-08-24,293.842041015625,296.7841500631077,293.2400298015823,296.1724194319452,18175800
2021-08-25,293.24981689453125,295.75496760292793,291.70594046702064,295.4733711327904,20006100
2021-08-26,290.4145202636719,293.65763586776285,290.27859654604237,292.25940248209304,17666100
2021-08-27,291.0262145996094,292.1428513577284,288.2200287600035,290.31737857564724,22605700
2021-08-30,294.783935546875,295.3956662396167,292.32732299018244,292.38558023402715,16348100
2021-08-31,293.1236267089844,295.6676258420438,292.75464430665414,295.58995937268077,26285300
2021-09-01,293.07501220703125,296.3375664119576,292.74487790855,294.08485394098176,18983800
2021-09-02,292.41473388671875,294.5606215716799,291.47286885410915,293.4342950060203,16285600
2021-09-03,292.405029296875,293.8226716672976,291.55055018077155,292.2593565497962,14747900
2021-09-07,291.4728698730469,292.3564776599139,289.5503213901356,292.27881120532527,17180400
2021-09-08,291.5020446777344,291.89043627695685,288.8415311090617,291.08452444937967,15046800
2021-09-09,288.6278991699219,293.3760729458299,288.38515072654934,292.0943540530522,19927000
2021-09-10,287.132568359375,291.22047359352,286.8121534435566,289.7639828932236,19633400
2021-09-13,288.3753662109375,289.88042399953457,285.54977141202284,288.91912023075906,23652900
2021-09-14,291.0942077636719,292.64780360023934,289.4532260505468,290.87086854644076,21853400
2021-09-15,295.9783020019531,296.4637988441718,293.06532094864116,294.46355422482094,28356300
2021-09-16,296.3666687011719,296.4540545695595,292.0360455287363,294.94902633781703,19550800
2021-09-17,291.1718444824219,295.66754956676783,290.84171021613025,295.3471347187819,41372500
2021-09-20,285.7634582519531,290.05526380757544,281.1221091582763,287.7345744445477,38278700
2021-09-21,286.2489013671875,288.90944398064477,285.5400950040545,287.1130998945458,22364100
2021-09-22,289.9193115234375,291.51175555567767,285.9673893358731,288.12299672562585,26626300
2021-09-23,290.870849609375,292.17197751848266,288.8997337245694,290.1814524287198,18604600
2021-09-24,290.66693115234375,291.1038604794902,288.3171136743252,289.5794230949498,14999000
2021-09-27,285.63726806640625,287.87054202290034,284.44293498761084,287.5501270971836,23571700
2021-09-28,275.2961120605469,282.3455355207805,274.5484576093365,281.3939510654787,43186200
2021-09-29,275.76220703125,278.45184887583616,274.80093276374777,276.8303060131279,26353700
2021-09-30,273.7425537109375,279.4811003337077,273.45123782495057,277.42259845518674,32343600
2021-10-01,280.71435546875,281.5688348816616,273.1308951277352,273.9368070639592,30086300
2021-10-04,274.8979797363281,279.40340419607827,272.1209523056505,279.0635505147171,31350700
2021-10-05,280.38409423828125,281.97650817908067,275.8106934903123,275.8106934903123,24993000
2021-10-06,284.60791015625,285.11284577573076,277.22838275407764,277.4905403494736,28002600
2021-10-07,286.2975158691406,288.0356029954327,285.3944987847211,286.617930771478,20430500
2021-10-08,286.2975158691406,288.0356029954327,285.2391362273407,287.62777257826184,17685700
2021-10-11,285.6954650878906,289.3269717647659,284.2583838545495,284.42346580912283,19298600
2021-10-12,284.3846435546875,286.87038509068907,283.870018071821,286.7732797928626,17974100
2021-10-13,287.715087890625,288.65695279146564,284.97687904912493,286.3557028874454,23416300
2021-10-14,293.9683837890625,294.4732899160227,289.19108107866924,290.5310573132569,27262900
2021-10-15,295.385986328125,295.61904496704665,291.8030171906076,293.5702328432472,25384800
2021-10-18,298.3765869140625,299.26988429802725,293.9100110971329,294.76449007822515,22729300
2021-10-19,299.2893981933594,300.3283389295829,298.308685076048,299.40591269593574,17682100
2021-10-20,298.4931335449219,300.7167170922215,297.23082413872754,300.2409100982718,16537100
2021-10-21,301.74591064453125,301.99834877197804,297.4735160893863,298.26004798477544,16918100
2021-10-22,300.1924133300781,302.06642404358996,298.87184650031855,301.39643602561927,17449300
2021-10-25,299.1922607421875,300.425411938426,297.5706884026041,300.38656389761695,17554500
2021-10-26,301.1147766113281,303.33835999791415,299.648596593139,301.9789750399638,28107300
2021-10-27,313.7960205078125,316.64102469624345,306.83398322982805,306.83398322982805,52588700
2021-10-28,314.9417419433594,315.4466478865551,312.03845128096805,314.9223031089949,26297900
2021-10-29,322.0008850097656,322.36986730991435,314.504813415939,314.728152606127,34766000
2021-11-01,319.81622314453125,321.87472525922004,316.90324174471607,321.74849132404734,27073200
2021-11-02,323.4670715332031,323.7777965670248,320.427857116945,320.72886273334404,26487100
2021-11-03,324.3118591308594,325.18574743557576,321.05902467717414,324.2147538453636,21500100
2021-11-04,326.68109130859375,326.77819659570866,319.9521127279951,323.2340758588148,23992200
2021-11-05,326.3121032714844,328.96292643810557,324.7196891937592,328.6910494183782,22570100
2021-11-08,327.21514892578125,327.85600830691146,324.73912690846595,327.51615459432156,20897000
2021-11-09,326.2052917480469,328.89493318728245,324.8264678824452,327.3316181784163,21307400
2021-11-10,321.20465087890625,324.92357272775905,320.3502014556965,324.86531548600317,25500900
2021-11-11,322.7874450683594,324.0885731369405,320.9231536632554,321.64167955559986,16849800
2021-11-12,326.9530029296875,327.44821920371356,324.10799847365354,324.234232397023,23831000
2021-11-15,326.32183837890625,328.07933448956584,324.34100306430065,327.7492002091939,16723000
2021-11-16,329.6620178222656,330.78837385576276,325.7780437615321,325.9430960649858,20886800
2021-11-17,329.8857421875,332.872153072299,328.79624458842125,329.7106507204873,19053400
2021-11-18,331.97723388671875,333.12512514075434,327.94024399966935,328.97137790759274,22463500
2021-11-19,333.76715087890625,335.70298365826625,332.8819561693576,333.30997740895356,21963400
2021-11-22,330.576416015625,340.14849893917426,330.3040416031067,335.2359926275546,31031100
2021-11-23,328.48504638671875,330.2068687050055,324.4772377615812,327.8721963877755,30427600
2021-11-24,328.708740234375,328.9519327535902,324.8176599269324,327.12312025923825,21661300
2021-11-26,320.7027893066406,328.72814137700954,319.1852705628066,325.24563802553985,24217200
2021-11-29,327.4635925292969,329.7982347536724,325.6250428524022,325.8196087405112,28563500
2021-11-30,321.5880432128906,328.58226215914226,320.0316052151952,326.1892561785547,42885600
2021-12-01,321.0919189453125,330.04141511002234,320.4207349352154,326.00442541649005,33337600
2021-12-02,320.5179443359375,324.40902392968104,318.8739608326543,321.30588557874404,30766000
2021-12-03,314.2144775390625,323.64062212414194,309.3700717841347,322.9499339831109,41779300
2021-12-06,317.307861328125,318.5335610767089,310.53739017038447,315.12886594094084,30032600
2021-12-07,325.8001708984375,326.65618363904804,321.1114119500236,322.6094861976196,31021900
2021-12-08,325.8488464355469,326.364413472048,321.792381498101,326.17958475268046,24761000
2021-12-09,324.0296936035156,327.3273684732717,323.0763683143852,325.30401993120887,22214200
2021-12-10,333.212646484375,333.6601123753168,325.6736789307053,325.85850760694785,38095700
2021-12-13,330.1581726074219,334.4286476814138,329.8468790444135,331.4033171728672,28899400
2021-12-14,319.3993225097656,325.5277917874379,315.2844944098965,324.14644522036787,44438700
2021-12-15,325.53753662109375,326.06284083347805,315.663925176168,319.6619963887744,35381100
2021-12-16,316.0530090332031,327.59007820230164,314.2241964404909,326.56865175470983,35034800
2021-12-17,314.98297119140625,316.07249872552893,308.6113384116797,312.14249890128,47750300
2021-12-20,311.1988830566406,314.0101731797365,308.9226046084139,311.3350554322163,28326500
2021-12-21,318.3778991699219,318.80592034156524,311.0918317389369,314.48681919977093,24740600
2021-12-22,324.1270446777344,324.52585433819615,316.8798947647335,319.3604469166515,24831500
2021-12-23,325.576416015625,327.2301370037353,323.66979499703837,323.6892397112023,19617800
2021-12-27,333.12506103515625,333.1542429444219,326.29619740117903,326.3253793104447,19947000
2021-12-28,331.9577941894531,334.44808325225506,331.0531251278716,333.80605142857513,15661500
2021-12-29,332.6387634277344,334.9247495224456,330.4305561960451,332.00643908331915,15042000
2021-12-30,330.0802917480469,333.7865427163204,329.59390679487103,332.59976224310805,15994500
2021-12-31,327.1619873046875,330.1191864933447,326.70478425386625,329.29235580887786,18000800
2022-01-03,325.634765625,328.79626820388347,320.80009741690554,326.21843357688016,28865100
2022-01-04,320.05108642578125,326.0725354624278,317.2397667073394,325.712585604074,32674300
2022-01-05,307.7649841308594,317.19112801347296,307.37588205960316,316.9868249346307,40054300
2022-01-06,305.33306884765625,310.02182762578025,303.00813417247446,304.6229360221158,39646100
2022-01-07,305.48876953125,307.88177597062446,301.64631527088216,305.5957600063521,32720000
2022-01-10,305.71240234375,306.1501606970923,296.3932792591058,301.0625631573698,44289500
2022-01-11,306.4031066894531,307.9886968599788,301.45171092918275,304.84666874501306,29386800
2022-01-12,309.6034851074219,314.60353696148184,308.44588647775686,310.96538680343946,34372200
2022-01-13,296.5003356933594,312.14249663836586,295.72213143264617,311.7436573066087,45366000
2022-01-14,301.7532958984375,302.3564086085924,295.4789168995165,295.96530194791075,39846400
2022-01-18,294.4088439941406,301.3641437796384,293.5236197033921,295.7901905004896,42333200
2022-01-19,295.0702819824219,305.36220419346677,294.45746187949703,297.94970227322705,45933900
2022-01-20,293.387451171875,303.1637782382463,292.9399852639337,300.6540445871307,35380700
2022-01-21,287.9691467285156,295.82911648964756,287.56057020283265,294.4477994991637,57984400
2022-01-24,288.2998352050781,289.019675493024,268.5331420193464,284.2434009991435,85731500
2022-01-25,280.6343688964844,286.9573730199383,277.40479550599815,283.58186040041585,72848600
2022-01-26,288.6305847167969,300.09955158053,285.05079816308023,299.6034293699441,90428900
2022-01-27,291.6753845214844,298.93224118758064,289.8173900598136,294.4186033404908,53481300
2022-01-28,299.8661804199219,300.08019107213113,286.432225030598,292.054836144175,49743700
2022-01-31,302.5120544433594,303.8739266373001,298.0275688741196,300.53733234049855,46444500
2022-02-01,300.3525085449219,302.17158390005085,296.82134829715966,301.9575732884717,40950400
2022-02-02,304.92449951171875,306.53930139921533,300.4692256286445,301.1988031851684,36636000
2022-02-03,293.0469970703125,302.7552535027513,291.79211531003233,301.06261331619567,43730000
2022-02-04,297.6092834472656,300.3913916526521,291.8018448276198,292.0353001493062,35096500
2022-02-07,292.75518798828125,299.45755887264727,291.733761520673,297.8330493495718,28533300
2022-02-08,296.266845703125,297.2396157585428,291.7823899972102,293.0469791946189,32421200
2022-02-09,302.7357482910156,303.436143889823,299.0197893926343,301.4322400322935,31284700
2022-02-10,294.1462097167969,300.7026702927466,292.5119631728677,295.76101154707897,45386200
2022-02-11,287.00604248046875,296.00416414551785,286.2083640297064,294.93411130749297,39175600
2022-02-14,286.9671936035156,288.6792785633671,283.4165885013323,285.7706756345391,36359500
2022-02-15,292.2882995605469,292.6093007043998,288.93223007820416,291.8408335250993,27058300
2022-02-16,291.947021484375,293.2824672069494,286.2737867487392,290.8455137721883,29982100
2022-02-17,283.3982849121094,289.3151870255934,282.6866835855366,288.88628071203937,32461600
2022-02-18,280.6688537597656,286.4493014013889,279.08971235663495,285.65973069982357,34264000
2022-02-22,280.46417236328125,284.1878453372253,277.325374318162,277.81276513418686,41736100
2022-02-23,273.2020263671875,284.34380258389615,273.0363301552388,282.86211552379876,37811200
2022-02-24,287.160888671875,287.7165212860402,264.6726715319733,265.63772547972644,56989700
2022-02-25,289.8122863769531,290.12422359753356,284.2950194983155,287.69702717357785,32546700
2022-02-28,291.2549743652344,291.59615384176226,285.6109811188131,286.8879425112131,34627500
2022-03-01,287.5118103027344,292.40520263800084,284.7824043016217,288.9252256042664,31217800
2022-03-02,292.6197204589844,293.86743984317275,286.29339675493287,287.911508196259,31873000
2022-03-03,288.45733642578125,295.4855022692935,286.63447014714023,295.25156424335825,27314500
2022-03-04,282.5500793457031,288.20382845448023,279.92794514669146,286.86838289929244,32356500
2022-03-07,271.8763427734375,282.38448735317786,271.5059210014731,281.2537371143296,43157200
2022-03-08,268.8934631347656,276.79892624479913,263.1909858256169,270.7942690725029,48159500
2022-03-09,281.22442626953125,282.29669173003094,273.699112875797,276.29203489919934,35204500
2022-03-10,278.3878479003906,279.3723867449448,273.50418301542686,275.88265227991445,30628000
2022-03-11,273.007080078125,282.20902043254233,272.38320559743175,280.69809115784795,27209300
2022-03-14,269.46856689453125,278.20259972430927,268.86420719899286,273.27020832450415,30660700
2022-03-15,279.90850830078125,280.5616250101141,271.70086453830385,273.2800058454423,34245100
2022-03-16,286.9659118652344,287.14136537848043,276.05810557225556,281.8190374929418,37826300
2022-03-17,287.7749938964844,288.155143210263,282.0725162060414,285.8936727522642,30816600
2022-03-18,292.8535461425781,293.4091786369837,285.347747793667,287.921155021076,43390600
2022-03-21,291.6156311035156,292.57092766310933,287.4630524796933,291.3524508132056,28351200
2022-03-22,296.39202880859375,297.3083257004259,291.23542689570303,292.2394505433956,27599700
2022-03-23,291.937255859375,295.58295832284585,290.2119035858375,292.93155187121516,25715400
2022-03-24,296.43109130859375,296.5285754184512,290.7968548353262,291.5961828889944,24484500
2022-03-25,296.0216064453125,297.7957157210351,291.742331596693,297.5325354540523,22566500
2022-03-28,302.8645935058594,302.962047847687,296.65521098671854,296.65521098671854,29578200
2022-03-29,307.45587158203125,307.8555356124109,301.25624506537525,305.99369916511864,30393400
2022-03-30,305.9449157714844,307.9822353410379,303.72241507994283,305.84746141716585,28163600
2022-03-31,300.53485107421875,307.19262469552484,300.1254595450532,305.98387553082625,33422100
2022-04-01,301.61688232421875,302.3089688081705,297.83472562662047,301.56812540407276,27110500
2022-04-04,307.02691650390625,307.16337043885454,301.899556524031,302.2699782371281,24289600
2022-04-05,303.0400695800781,306.92943814434017,302.05553077139234,305.3697818354029,23156700
2022-04-06,291.947021484375,299.25788178865815,289.22737312175093,297.4935298817285,40110400
2022-04-07,293.7698974609375,295.99239810286326,288.87650501412816,289.1786849009009,31411200
2022-04-08,289.4808349609375,293.52617184109016,288.808233411817,292.8633276253669,24361900
2022-04-11,278.066162109375,285.2307818696367,277.81270941652224,284.4314837001225,34569300
2022-04-12,274.9468688964844,283.4079652196335,273.4164547942549,281.945792962261,30966700
2022-04-13,280.36663818359375,281.30242005382,274.20601222966815,275.5999723230315,21907200
2022-04-14,272.7730407714844,281.0391969860149,272.27592253221314,280.824743907988,28221600
2022-04-18,273.4457092285156,275.33678781211535,271.32069259266757,271.87632521472943,20778000
2022-04-19,278.10516357421875,278.9532485087538,271.3889341815737,272.3344734724712,22297700
2022-04-20,279.1383972167969,282.3941933852175,278.17337311629467,282.1017411061781,22906700
2022-04-21,273.7283935546875,285.90340510019286,272.9973074218899,281.30243518120113,29454600
2022-04-22,267.1193542480469,276.0581130561113,266.48575226772533,274.57642624284045,29405800
2022-04-25,273.6406555175781,274.02080482203013,263.9415679894354,266.39803633315773,35678900
2022-04-26,263.4054260253906,271.340130999645,263.1909729316017,270.5018332908129,46518400
2022-04-27,276.0776062011719,283.63216251371057,272.11999585469886,274.9858557260027,63477700
2022-04-28,282.32598876953125,283.6419498287943,274.36201031302176,277.99795625122795,33646600
2022-04-29,270.5213317871094,282.5696457327582,269.52706543762076,281.3316542777626,37073900
2022-05-02,277.29608154296875,277.75423001648835,269.25413454359216,270.7065493914021,35151100
2022-05-03,274.6739196777344,276.96466206724233,273.0850211320763,276.7989361292909,25978600
2022-05-04,282.66717529296875,283.54447277162893,269.75131926588415,275.46352508638273,33599300
2022-05-05,270.3556823730469,279.1287167621259,267.4215802413478,278.33914604694667,43260400
2022-05-06,267.8017272949219,272.20772888488153,264.42896194821265,267.8796967243855,37780300
2022-05-09,257.9076232910156,265.4914206158651,256.6794190815071,263.2494355248238,47726000
2022-05-10,262.70367431640625,266.84649663865014,258.38539842355834,264.8384486693536,39336400
2022-05-11,253.9792938232422,264.5166788733009,252.76081701589987,258.97992740025,48975900
2022-05-12,248.91046142578125,253.32622042112627,243.71487425735856,251.1914465609955,51033800
2022-05-13,254.5349884033203,256.4065823245107,248.9105087995154,250.8600721662663,34925100
2022-05-16,254.9053497314453,259.1164127441504,249.32959863535496,253.40417796573698,32550900
2022-05-17,260.09124755859375,261.5631476246742,255.84118408639657,259.39913116704525,28828800
2022-05-18,248.24932861328125,257.55086612903364,246.9693931124063,256.96462907264123,31356000
2022-05-19,247.33090209960938,251.75696064928601,246.09982214872184,248.0734561306582,32692300
2022-05-20,246.7642364501953,252.6070178061885,240.784683327095,251.3368323893592,39199300
2022-05-23,254.6685791015625,255.49907920391797,247.6142629878309,249.62700248301093,33175400
2022-05-24,253.6622314453125,255.33298198997585,247.6826780709298,251.97195059517284,29043900
2022-05-25,256.4956359863281,258.5083603731719,251.22934212125796,252.21617401226834,28547900
2022-05-26,259.798095703125,260.98032015992106,255.43067249294842,256.2513925154789,25002100
2022-05-27,266.9696350097656,267.0673461571398,261.4199877190789,262.31888853076333,26910800
2022-05-31,265.6310729980469,268.4645173068934,262.75853826764757,266.2759307760197,37827700
2022-06-01,266.1684875488281,271.3175402469702,263.8430992924874,268.8846905955963,25292200
2022-06-02,268.2788391113281,268.3472398855621,255.5967272964254,258.3813305679757,44008200
2022-06-03,263.82354736328125,267.1748580929642,262.25050809236035,264.1069007674734,28059000
2022-06-06,262.58270263671875,267.8880873887345,261.08781439672373,265.8167420959057,22400300
2022-06-07,266.2466735839844,266.86222112303204,259.8372147630866,260.5211630991976,22860700
2022-06-08,264.20458984375,266.7351505141469,263.4229304866885,265.4747453002484,17372300
2022-06-09,258.7135314941406,266.45176436523536,258.5571996419541,261.634906575168,26439700
2022-06-10,247.1843719482422,254.60017757455358,246.73492150280825,254.60017757455358,31422800
2022-06-13,236.7005615234375,243.30544117219935,235.98731789041443,239.4851650912723,46135800
2022-06-14,238.87942504882812,240.10073992715505,235.9677996446839,238.2638775793901,28651500
2022-06-15,245.98257446289062,249.4413464461291,240.76512103312788,242.61174847888114,33111700
2022-06-16,239.348388671875,241.74216268049113,237.44314057965514,240.33520565588944,33169200
2022-06-17,241.96688842773438,244.75149220671116,238.42996544684556,239.08458840742492,43084800
2022-06-21,247.91712951660156,248.90394646915755,243.78418966142996,244.516978512664,29928300
2022-06-22,247.3211212158203,251.26841874585492,244.62444876832834,246.10957164458284,25939900
2022-06-23,252.91961669921875,253.41792266280578,247.80965482657095,249.70513771941606,25861400
2022-06-24,261.55682373046875,261.8303970887869,255.71404222828616,255.8019733273249,33923200
2022-06-27,258.811279296875,262.1429998718292,257.238210310739,262.0550687832511,24615100
2022-06-28,250.59425354003906,260.78489654166776,250.43792167575154,257.9221419564602,27295500
2022-06-29,254.2875213623047,255.9582716594945,249.890773174673,251.67877983050323,20069800
2022-06-30,250.93618774414062,253.57423939510866,247.0963815241397,251.15114032175472,31730900
2022-07-01,253.62310791015625,253.80875014835922,248.7671738970016,250.50633991832885,22837700
2022-07-05,256.818115234375,256.9451367607204,248.89422319352843,250.2816351962551,22941000
2022-07-06,260.10089111328125,261.84004172196074,256.37832700247145,257.6973525905551,23824400
2022-07-07,262.24066162109375,262.88551929978155,258.9382222138368,259.0359333440472,20859900
2022-07-08,261.5177001953125,261.9476053921388,257.2479884069412,258.71356617323374,19658800
2022-07-11,258.4400329589844,260.4136672563507,256.1634851110304,259.55385672925706,19455200
2022-07-12,247.84872436523438,259.83715393450507,246.25612518586624,259.7785332128201,35868500
2022-07-13,246.9205322265625,247.73148701005059,242.4163228297024,244.44859236387242,29497400
2022-07-14,248.24932861328125,249.28500115876392,240.29612738205486,244.81988208668008,25102800
2022-07-15,250.82875061035156,254.39498387786978,248.9235024960798,249.85169876625037,29774100
2022-07-18,248.4154510498047,254.8542196346372,247.48725470607403,253.78923661823706,20975000
2022-07-19,253.57424926757812,253.75989149262034,247.85849034611635,251.66898635467277,25012600
2022-07-20,256.2513427734375,258.79168319801533,252.9684633205692,253.93573497770862,22788300
2022-07-21,258.76239013671875,258.81126061612775,251.13161811146432,253.82829056890776,22404700
2022-07-22,254.38523864746094,259.2411881701941,253.1248630644284,259.15325707025653,21881300
2022-07-25,252.89031982421875,255.49906141021802,250.9166858010749,255.01053548017936,21056000
2022-07-26,246.11935424804688,253.91623871980474,243.8428365645717,253.89667859982464,39348000
2022-07-27,262.5729064941406,263.85284204135934,252.9098791339182,255.1668665380829,45994000
2022-07-28,270.06689453125,271.4640714641904,261.72286372035086,263.5597258949392,33459300
2022-07-29,274.2975158691406,275.5286106924797,270.28184723835176,271.3272998322268,32152800
2022-08-01,271.6301574707031,274.82510585209405,269.50994212455083,271.4445152590342,21539600
2022-08-02,268.513427734375,271.5129844181178,266.12941855832804,269.66634189503026,22754200
2022-08-03,275.9878234863281,276.99418564890556,270.26228442614376,270.4088660501321,23518900
2022-08-04,277.1407775878906,277.2873294158462,273.74065591028534,275.33322553041455,18098700
2022-08-05,276.4177551269531,277.14076398755924,272.28481487787076,272.74403046110217,16774600
2022-08-08,273.88720703125,279.3587038597867,272.91015509105625,277.5315916851269,18739200
2022-08-09,275.8217468261719,276.5838461358811,271.23937090713224,273.22281494179157,23405200
2022-08-10,282.5243225097656,283.15940026226946,280.35526616412074,281.5570506992945,24687800
2022-08-11,280.43341064453125,284.52726027253226,279.9351344778462,284.17553591957807,20065900
2022-08-12,285.2112121582031,285.2112121582031,280.35526321914153,281.85993143304614,22619700
2022-08-15,286.73541259765625,287.42911107438584,283.4525028196031,284.32209329350565,18085700
2022-08-16,285.9928283691406,287.2923239805232,283.75540118161075,285.2893498697751,18102900
2022-08-17,285.2389221191406,287.22654620657715,283.4275334962736,283.6918866931279,18253400
2022-08-18,284.1129150390625,285.81658418043264,283.04564174048915,284.13248679589566,17186200
2022-08-19,280.17681884765625,283.21211455626116,279.5991382584274,282.8694145780961,20570000
2022-08-22,271.9521789550781,276.5638529031188,271.4332434991886,276.191780334642,25061100
2022-08-23,270.6695556640625,273.0390235168399,269.65125640109494,270.6695556640625,17527400
2022-08-24,270.03314208984375,271.4430857854894,269.3673137642795,269.6610694645273,18137000
2022-08-25,273.0292053222656,273.195639956881,268.78957434075147,271.54091514615766,16583400
2022-08-26,262.4938049316406,274.48809473855994,262.3861154474646,273.2543867966453,27549300
2022-08-29,259.6935119628906,261.8181979316552,258.342313758695,260.3005650968234,20338500
2022-08-30,257.480712890625,261.47553300826064,255.2189346824592,261.10349030382076,22767100
2022-08-31,256.01202392578125,261.53427789568053,255.87493197122282,259.85021020629233,24791800
2022-09-01,254.96429443359375,255.44408628539085,250.07846736309196,253.46623349507178,23263400
2022-09-02,250.71493530273438,259.21373957862966,249.15812895739882,256.23721883460826,22855400
2022-09-06,247.96360778808594,252.44799078544023,246.6809553860228,250.85204083793536,21328200
2022-09-07,252.7025604248047,253.4271039157159,247.93422281842027,249.38332474051592,24126700
2022-09-08,253.12359619140625,254.99373009299137,249.4714610666313,252.1346994321278,20319900
2022-09-09,258.9395446777344,259.69349050416275,254.8566077082185,255.06221571518003,22084700
2022-09-12,261.08392333984375,261.86724201241935,259.62503526546527,260.2320885613663,18747700
2022-09-13,246.72988891601562,254.96432464482666,246.33822967440065,253.43689095320934,33353300
2022-09-14,246.955078125,248.92311534672746,244.6443409420498,248.23773036455412,23913000
2022-09-15,240.2578582763672,246.15218396913423,238.9262467864511,244.55621930906506,31530900
2022-09-16,239.63124084472656,240.17954887293567,237.00717607223177,239.16124972888457,39791800
2022-09-19,239.4158172607422,240.0228704060289,235.82242778090065,237.40860661356453,26826900
2022-09-20,237.38902282714844,238.4268936780499,234.63768200232818,237.01696522076853,26660300
2022-09-21,233.9620819091797,242.49027328915574,233.9131226363591,239.17103777962444,28625600
2022-09-22,235.94970703125,238.76959382847815,232.61089974845348,232.90462550627097,31061200
2022-09-23,232.95359802246094,236.09659827223658,230.29037477151613,234.53977696593785,34176000
2022-09-26,232.49337768554688,236.40988020268483,231.95485560138613,232.10173340994166,27694200
2022-09-27,231.4751434326172,236.75263111289237,229.60500949244985,234.9706149126639,27018700
2022-09-28,236.037841796875,237.27153481149165,229.83017344834093,231.8667567155219,29029700
2022-09-29,232.54237365722656,234.94122883953057,229.5168785708888,233.90335789912527,27484200
2022-09-30,228.0383758544922,235.5188958115648,227.87192627372596,233.31586292569597,35694800
2022-10-03,235.7147216796875,236.5665562407545,229.76163574998006,230.49598001028534,28880400
2022-10-04,243.684814453125,245.13391633829488,239.86621517346092,239.97391960048338,34888400
2022-10-05,243.99810791015625,245.34930608205255,239.00457608145862,240.85512295414316,20347100
2022-10-06,241.638427734375,245.11432699777998,240.94325684585763,242.7546304477217,20239900
2022-10-07,229.35043334960938,236.28264582394613,228.30276156963245,235.87139983946656,37769600
2022-10-10,224.46458435058594,229.66373983539455,221.99718320956242,228.1852652907987,29743600
2022-10-11,220.70474243164062,224.27854550032873,219.43187594817857,222.86860200727992,30474000
2022-10-12,221.0376434326172,223.1035994129206,219.28501487125726,220.69494343568198,21903900
2022-10-13,229.35043334960938,231.1716079398188,214.55584187664203,215.260813649644,42551800
2022-10-14,223.78897094726562,232.2877899192671,223.57356209482342,230.62326425216398,30198600
2022-10-17,232.5717315673828,233.9718891188807,230.2316216892533,230.89743494920083,28142300
2022-10-18,233.52146911621094,238.83811426060802,230.4568010299414,238.16253010733288,26329600
2022-10-19,231.54364013671875,234.60830834251115,229.39935247453639,232.0919481353956,19985700
2022-10-20,231.22055053710938,236.27284322549886,229.96727071460137,230.8484928943571,21811000
2022-10-21,237.06593322753906,237.9275687099277,229.60499943406603,229.83999500388313,26299700
2022-10-24,242.08885192871094,242.6665325599833,236.26305645781395,238.67169753815492,24911200
2022-10-25,245.4276885986328,245.79974626141515,240.69850896085995,242.09865175190157,34775500
2022-10-26,226.49136352539062,233.32565671091658,225.25765558472068,226.3444857065967,82543200
2022-10-27,222.01678466796875,228.8119204017234,221.06703140603042,226.21722795632323,40424600
2022-10-28,230.94638061523438,231.6611531534628,221.33137373801566,221.51741001672517,40647700
2022-10-31,227.2844696044922,230.01622392707068,226.32491559359812,228.88043444903704,28357300
2022-11-01,223.40711975097656,230.81910882214837,222.58465770971134,229.70290606892462,30592300
2022-11-02,215.5055694580078,226.47177415281237,215.4468093670209,224.67018647629374,38407000
2022-11-03,209.77767944335938,215.80909728979998,209.51331132332834,215.49576989713026,36633900
2022-11-04,216.76866149902344,216.96448367208396,208.97481351291196,213.00882199127454,36789100
2022-11-07,223.11338806152344,223.642124352485,216.66095271783695,217.35613859957564,33498000
2022-11-08,224.09251403808594,226.81448253009583,221.1257640993825,223.9260644471672,28192500
2022-11-09,219.82351684570312,223.85752509677178,219.64728138196077,222.62381708948223,27852900
2022-11-10,237.907958984375,238.25065895632184,230.0945400625486,230.5155569432471,46268000
2022-11-11,241.95176696777344,242.8134024168077,236.87988776587653,237.91777362051934,34620200
2022-11-14,236.5078125,238.81854971714387,234.21666197985724,236.9386301923904,31123300
2022-11-15,236.91903686523438,241.84403773398816,235.01953069663728,240.53201293680507,31390100
2022-11-16,237.35107421875,239.38358350898213,236.06480717183115,238.39186999771098,24093300
2022-11-17,237.30198669433594,238.84355351183237,233.3253639763413,233.47264075020115,23123500
2022-11-18,236.85032653808594,239.3246812010048,234.69999575812838,239.09883683924593,27613500
2022-11-21,237.665283203125,240.23781728148245,236.8208614471362,237.05650427423635,26394700
2022-11-22,240.59130859375,240.86623522743278,236.34957268666008,239.17739163059406,19665700
2022-11-23,243.09510803222656,243.78242458645812,239.84507083963527,240.66985070471313,19508500
2022-11-25,243.00672912597656,244.19480161069367,242.26048692164872,242.82998203144444,9200800
2022-11-28,237.38052368164062,242.1819409644526,236.43792242620464,241.62227427823314,24778200
2022-11-29,235.97645568847656,238.39188472426275,233.8948640019652,237.027064989401,17956300
2022-11-30,250.51817321777344,250.7047337909563,235.51496952522623,236.21211456463936,47594200
2022-12-01,250.07630920410156,251.48039765327633,246.37459831987624,249.27115626054174,26041500
2022-12-02,250.40032958984375,251.42148344936865,245.16688047663357,245.2945303274655,21528500
2022-12-05,245.6676483154297,249.22208255520144,243.56641480678124,247.44485794412677,23435300
2022-12-06,240.67965698242188,247.29756756690452,239.3639346203721,246.2764137142749,22463700
2022-12-07,239.9432373046875,241.70081987887235,237.82237705020034,240.39491100568443,20481500
2022-12-08,242.91836547851562,244.2341028868354,238.65698778008183,240.40474204316993,22611800
2022-12-09,240.9742431640625,243.8118905475725,239.7370733126201,240.26728468255888,20609700
2022-12-12,247.935791015625,247.96524636882398,242.69252839292668,242.96745501103524,30665100
2022-12-13,252.26589965820312,259.139094447694,248.4856365310329,256.9494801774457,42196900
2022-12-14,252.5605010986328,257.8332195935308,249.70321169806795,252.47213503033785,35410900
2022-12-15,244.49920654296875,249.5951926755457,242.8594602024895,249.12389201647076,35560400
2022-12-16,240.25746154785156,245.314163694285,239.09882936779724,244.0475385389959,86102000
2022-12-19,236.09426879882812,240.76805145365768,234.3857983171658,240.424385676434,29696400
2022-12-20,237.41983032226562,238.50972342913573,234.1010537480817,235.06329699213606,25150800
2022-12-21,240.00216674804688,241.17061240909877,235.76043092550097,237.311811174577,23690600
2022-12-22,233.8751983642578,237.60636448544406,229.6334478309404,236.88957762417527,28651700
2022-12-23,234.40542602539062,234.54288934026997,229.70220298266847,231.83289185448697,21207000
2022-12-27,232.66749572753906,234.60179555616128,231.55796079001962,234.37596618226544,16688600
2022-12-28,230.2815399169922,235.3775266163512,229.92806063777712,232.5987896402066,17457100
2022-12-29,236.6441192626953,237.53763828702606,231.38121460067237,231.38121460067237,19770700
2022-12-30,235.4757080078125,235.6131713319361,232.37294728344762,233.89487228920206,21938500
2023-01-03,235.2400360107422,241.29826533020105,233.099518684118,238.6766338893005,25740000
2023-01-04,224.9498748779297,228.6515707937887,221.86675636636124,228.07226219993836,50623400
2023-01-05,218.28286743164062,223.42795059014287,217.74282764687024,223.0842848228225,39585600
2023-01-06,220.8553924560547,221.67035882828523,215.37648717687478,218.9603615409851,43613600
2023-01-09,223.00572204589844,227.05109853622983,222.30859206839725,222.34786087714497,27369800
2023-01-10,224.7043914794922,227.11982022415233,223.21192206293,223.6341254274707,27033900
2023-01-11,231.4990234375,231.67575554045706,226.92343588418757,227.1001679871446,28669300
2023-01-12,234.18942260742188,235.55424237172366,229.3290940932467,230.99829585800464,27269500
2023-01-13,234.89634704589844,235.03381034817815,230.66442504459786,232.70674766587976,21333300
2023-01-17,235.99607849121094,236.54593172373328,232.79512362957803,233.65918727061418,29831300
2023-01-18,231.538330078125,237.98932257293077,231.25358998270823,237.1939980149143,30028700
2023-01-19,227.72860717773438,231.25358612173252,226.50125078588513,229.5451006306224,28623000
2023-01-20,235.86843872070312,236.37902316517145,230.26186823597817,230.60553401218095,35389800
2023-01-23,238.18568420410156,240.728762962326,235.30875313249115,236.73249848259866,31934000
2023-01-24,237.65545654296875,239.53086062869244,236.08444941515683,238.1071302689207,40234400
2023-01-25,236.25135803222656,238.89263116418337,226.7172477839659,230.23239799467638,66526600
2023-01-26,243.50750732421875,243.81188931119357,237.61619666314894,239.236301101992,33454500
2023-01-27,243.6645965576172,245.30434278619185,242.35868764883875,244.47956294350342,26498900
2023-01-30,238.31332397460938,241.1509711328646,237.81255301690885,240.08070505569438,25867400
2023-01-31,243.32090759277344,243.4583708867781,238.5489461260753,239.03988860214557,26541100
2023-02-01,248.1714630126953,250.5574366524926,241.0233405684273,243.50750871275346,31259900
2023-02-02,259.8067626953125,259.89512874467925,252.58990234951898,254.13146890622428,39940400
2023-02-03,253.67007446289062,259.41410948835363,252.44271783201228,254.83852037266774,29077300
2023-02-06,252.11859130859375,253.62087410426602,250.1646498198095,252.77646741867622,22518000
2023-02-07,262.713134765625,263.9012071647271,255.36862455396962,255.81048476727034,50841400
2023-02-08,261.898193359375,271.74649858000214,261.38759398871423,268.2509904236017,54686000
2023-02-09,258.84454345703125,269.0168886035488,258.039390489122,268.84012651357125,42375100
2023-02-10,258.3339538574219,259.30601043512377,255.93815201976537,256.7923871898371,25818500
2023-02-13,266.4050598144531,269.62564159022224,262.3105859582913,262.79173001037145,44630900
2023-02-14,267.2397155761719,269.98898222750483,264.4020528853682,267.7306581899641,37047900
2023-02-15,265.1036376953125,266.49156688669603,262.01278189893924,264.11929330764815,28922400
2023-02-16,258.04583740234375,262.5639738748259,257.7997513414909,259.88655633115474,29603600
2023-02-17,254.01991271972656,256.0181306443046,251.99216566482698,255.32910759019907,30000100
2023-02-21,248.7143096923828,251.49016824327242,247.6512158869296,250.49597073877874,28397400
2023-02-22,247.57244873046875,250.35814511839848,246.42076761233298,250.1120590242694,22491100
2023-02-23,250.78143310546875,252.8190182527777,246.55858711540606,251.559058591663,29219100
2023-02-24,245.3183135986328,247.0704454363902,244.21585267237742,246.0467338648536,24990900
2023-02-27,246.2436065673828,248.86196635972186,245.48565714962064,248.50760176361655,21190000
2023-02-28,245.51516723632812,247.55276726085282,244.83596722815324,245.17065572399935,22491000
2023-03-01,242.4145050048828,247.00153859615037,241.9420088680049,246.8342018468034,27565300
2023-03-02,247.17872619628906,247.46417946735576,241.76483192375827,242.69011807533903,24808200
2023-03-03,251.29327392578125,251.61810937843563,247.4543367942358,248.24181531401277,30760100
2023-03-06,252.84854125976562,256.0476605602481,251.97247534442963,252.41542732051573,24109800
2023-03-07,250.17112731933594,253.65571496313456,249.4230309703386,252.287461805782,21473200
2023-03-08,249.72817993164062,250.55502565152239,246.88342511783708,250.06285343446362,17340200
2023-03-09,248.36978149414062,255.49642520187024,247.6413612448282,251.81498682862087,26653400
2023-03-10,244.6981964111328,248.83244032000758,243.72370496584182,247.14921963092033,28333900
2023-03-13,249.94473266601562,253.87227229864152,241.8829494842542,243.52680285893817,33339700
2023-03-14,256.70721435546875,256.9828296179448,251.85438808848426,252.7304541056199,33620300
2023-03-15,261.28436279296875,262.30808931293495,255.15188676906854,255.90985113280536,46028000
2023-03-16,271.8759460449219,272.23029562382413,259.1582026765928,261.05798023414945,54768800
2023-03-17,275.0552978515625,278.89423429694773,271.9940017501789,273.9036319378477,69527400
2023-03-20,267.9681396484375,273.1359487671204,265.6253947082645,272.643776470103,43466600
2023-03-21,269.4937744140625,270.69467563118206,265.3004581897297,270.5765591245479,34558700
2023-03-22,268.0271301269531,276.6401431462095,267.9188366282979,269.1197379308607,34873300
2023-03-23,273.3130798339844,276.65984491000785,270.8916009314238,273.5886950746026,36610900
2023-03-24,276.1775207519531,276.2365790138879,270.9703303661151,272.8996370155353,28172000
2023-03-27,272.0531311035156,277.05358782445194,271.20657923339166,276.1086255385682,26840200
2023-03-28,270.9210510253906,271.816807806027,267.790813800378,271.4722813458131,21878600
2023-03-29,276.11846923828125,276.73861104356007,274.0513399006214,274.59271732819036,25087000
2023-03-30,279.60302734375,280.0066121706269,277.0732849525492,279.78023217395076,25053400
2023-03-31,283.7864685058594,284.7412837418121,278.56945538558534,279.28803758659916,32766000
2023-04-03,282.7332763671875,283.7569729997611,279.5046276679569,282.0343701563342,24883300
2023-04-04,282.6840515136719,285.90287731351157,281.1977117183319,282.73328676346597,25824300
2023-04-05,279.88848876953125,282.6544941864627,278.490736515466,281.37485845642465,22064800
2023-04-06,287.03485107421875,287.50731719041386,277.61466736506213,278.7761866204537,29770300
2023-04-10,284.85943603515625,285.06613994489004,280.25268148244174,284.68223121557776,23103000
2023-04-11,278.4021301269531,281.5028392047115,277.23078785734424,281.27642916480585,27276600
2023-04-12,279.05181884765625,282.5167307895647,277.5457729310279,280.3314847497696,27403400
2023-04-13,285.3023986816406,285.3614569468839,278.7368378636827,279.1502457203857,24222700
2023-04-14,281.6603698730469,283.963732563657,279.2487136589597,282.50689178472044,20987900
2023-04-17,284.2786560058594,287.0348384011463,281.68000236209434,285.3909700049731,23836200
2023-04-18,283.85540771484375,287.1923498602999,282.51671366556474,287.00532200932577,20161800
2023-04-19,283.93414306640625,284.52472565141113,280.08535300849246,281.51263430866226,17150300
2023-04-20,281.6307678222656,284.50506674858116,280.6168942704113,280.78424603946644,23244400
2023-04-21,281.2862854003906,281.7882806530925,278.6285433150847,280.54802704778444,21676400
2023-04-24,277.35870361328125,280.48894155472334,274.35646528671094,277.67370102270286,26611000
2023-04-25,271.108154296875,277.1913956236309,271.0589190518227,275.13411938360406,45772200
2023-04-26,290.7457580566406,294.8800159473108,288.14710484178147,292.0549527392674,64599200
2023-04-27,300.0577392578125,300.42197197875873,290.62773158265634,291.33646086804055,46462600
2023-04-28,302.4496765136719,304.0935148750173,298.5615040334557,299.2505571443168,36446700
2023-05-01,300.7762756347656,303.7686910534892,300.3726908217299,302.1642048581886,21294100
2023-05-02,300.6286315917969,304.33959922450805,299.1521149683054,302.9418469765617,26404400
2023-05-03,299.63446044921875,303.778542392161,299.3293160567343,301.81970644560397,22360800
2023-05-04,300.6286315917969,302.9418469765617,298.65008970357985,301.44562423928016,22519900
2023-05-05,305.78656005859375,307.08590178354325,299.50643842780966,300.93374972200786,28181200
2023-05-08,303.81793212890625,305.34368416903175,301.29801254398035,305.2747728426147,21318600
2023-05-09,302.1937255859375,305.18614092145225,301.51452555847186,303.1780699689536,21340800
2023-05-10,307.42059326171875,308.09979329228884,302.85325092434726,303.78836006860274,30078000
2023-05-11,305.2549743652344,306.24917164903025,301.4652731163055,305.24515135001195,31680200
2023-05-12,304.13287353515625,305.78656482552327,301.79998224342324,305.68812438304315,19758100
2023-05-15,304.6152038574219,305.04831778842316,302.77448467056973,304.26085429922443,16336500
2023-05-16,306.8595275878906,308.7986873456042,304.97942609367624,304.97942609367624,26730300
2023-05-17,309.75982666015625,310.1840128280389,306.54383920821226,308.07292647953415,24315000
2023-05-18,314.2187805175781,314.73177784456124,309.483610472281,310.2826700411064,27276000
2023-05-19,314.0412292480469,314.4456963446299,312.09783032838016,312.46282914333904,27529500
2023-05-22,316.8428649902344,318.23382834454407,313.71568867126024,314.29771785830155,24115700
2023-05-23,311.0028076171875,318.3620609809565,310.99293302124596,315.70838374356634,30797200
2023-05-24,309.61187744140625,312.2260866800328,308.3886015273957,310.4799990237755,23384900
2023-05-25,321.5188903808594,322.4856374964896,315.6788189832587,318.87505739171115,43301700
2023-05-26,328.3947448730469,328.8978374792633,319.5064041956886,319.6444980132169,36630600
2023-05-30,326.7374572753906,331.20628466826486,326.05677236540816,330.7031919866763,29503100
2023-05-31,323.95550537109375,331.403539726326,322.9097916897827,327.80283457515725,45950600
2023-06-01,328.0889587402344,329.0261423603548,320.3351115040078,321.52876371583415,26773900
2023-06-02,330.87078857421875,332.94243642193857,328.0592686455613,329.73632407120874,25864000
2023-06-05,331.4035949707031,333.9882106590151,330.1408808136087,330.693316375745,21307100
2023-06-06,329.174072265625,330.8412533912164,327.68448335101743,330.8017851103892,20396200
2023-06-07,319.0131530761719,329.9731116515835,318.1450315839659,327.17146599385774,40717100
2023-06-08,320.8678283691406,322.22919821662333,318.9836166344126,319.5656458971588,23277700
2023-06-09,322.3771057128906,325.5338755296102,320.0292399102611,320.6013944671028,22514900
2023-06-12,327.3687438964844,327.6153679268259,320.7690824361064,324.14288231211435,24260300
2023-06-13,329.77581787109375,332.4294950152336,325.928488773513,329.95337995894954,22951300
2023-06-14,332.7846374511719,334.46169309865223,328.31581069541244,329.8251487359543,26003800
2023-06-15,343.3993835449219,345.1158775506154,332.64657941086205,332.92279718310556,38899100
2023-06-16,337.7072448730469,346.72383496475805,337.3324015901357,346.57586654973045,46533600
2023-06-20,333.4850769042969,337.4606559646964,331.3246475034231,334.7280719309583,26375400
2023-06-21,329.0556945800781,333.1693972869812,327.5858247663164,331.82774670017375,25117800
2023-06-22,335.1226501464844,335.52711724274883,328.8386735229286,329.6081394338645,23556800
2023-06-23,330.4959716796875,333.39627314072527,328.9471954059109,329.8448805246099,23084700
2023-06-26,324.16265869140625,331.571224712544,324.05412845410723,329.2135144395698,21520600
2023-06-27,330.05206298828125,331.61071384237505,324.85320839821026,327.37863643109444,24354100
2023-06-28,331.3147888183594,333.41603075704074,329.3023279341392,330.1408558113541,20259500
2023-06-29,330.52557373046875,331.5712574014784,328.1283949434642,330.19016860066165,16997000
2023-06-30,335.9414367675781,338.1018659336961,332.64654295071426,333.18910383853483,26823800
2023-07-03,333.4258728027344,336.29658063116784,332.0250649242067,334.60968039782284,12508700
2023-07-05,333.5837097167969,337.0364466828848,330.2099093118582,330.5650335205982,18172400
2023-07-06,336.6615905761719,338.3583654623212,330.9695176090643,332.7451989549393,28161200
2023-07-07,332.6662902832031,337.1745856915764,332.44925988855226,334.7379385766014,21185300
2023-07-10,327.34906005859375,330.7031716252325,323.16632530270994,330.0816741278203,32791400
2023-07-11,327.9804382324219,328.36515614884536,322.5843020670204,326.5894747851635,26698200
2023-07-12,332.64654541015625,337.03643563123427,331.1372073615491,332.0546416428547,29995300
2023-07-13,338.0328369140625,339.0982397067737,334.4419758130588,334.97469226215384,20567200
2023-07-14,340.5779113769531,346.684324777907,339.6604772092067,342.89618328373626,28302200
2023-07-17,341.06134033203125,342.30430506599646,337.5790099679338,341.0119974589969,20363900
2023-07-18,354.6355285644531,361.827094682559,337.5494363326708,341.15998612794135,64872700
2023-07-19,350.2850341796875,357.56538046892035,347.6807000395438,356.86497664298207,39732900
2023-07-20,342.18597412109375,353.1360893076159,340.70622963927934,348.7955115153894,33778400
2023-07-21,339.1278076171875,345.56962697471664,335.2410099540345,344.4351622996389,69368900
2023-07-24,340.4496765136719,342.2352622665316,337.68749929823326,341.1797041463386,26678100
2023-07-25,346.240478515625,347.1381937516986,340.41028183220885,342.42271258678073,41637700
2023-07-26,333.20880126953125,340.01564894257064,328.61172549409804,336.8292554681692,58383700
2023-07-27,326.2540283203125,336.7207386752654,324.6065664004519,335.8822409797451,39635300
2023-07-28,333.80072021484375,335.418588461766,328.6709579484161,329.16420605704235,28484900
2023-07-31,331.3838195800781,333.1397816268532,328.85836158947654,332.3703157885018,25446000
2023-08-01,331.7981262207031,333.96842988932275,329.1937919238342,330.6636616188916,18311900
2023-08-02,323.0775146484375,329.12474134255,321.9528944979642,329.12474134255,27761300
2023-08-03,322.2489013671875,325.4254208190329,321.54849738808366,321.5978101634016,18253700
2023-08-04,323.353759765625,330.61438827280773,322.82104332790357,327.3984006637002,23727700
2023-08-07,325.65228271484375,326.6387790256658,323.09726088247197,323.9357887677664,17741500
2023-08-08,321.64703369140625,324.3105851400682,318.638232700356,322.544748733652,22327600
2023-08-09,317.8786926269531,322.69276896492516,316.7146041895466,322.0614270294025,22373300
2023-08-10,318.5692138671875,323.8272555255074,316.84284549970266,321.6174835434037,20113700
2023-08-11,316.6751708984375,318.05625962756983,314.8994595848591,315.9352987108156,24342600
2023-08-14,319.6642150878906,319.6839341725632,315.75766872867933,317.0500063588165,18836100
2023-08-15,317.513671875,320.7000656335948,316.5666438946888,318.63829206231935,16966300
2023-08-16,316.7425842285156,320.7167146880456,316.1494272765782,317.13801214006867,20698900
2023-08-17,313.26275634765625,318.19578484702873,312.60039125699797,316.88098033707746,21257200
2023-08-18,312.8673095703125,314.74561454363595,307.99356387048624,310.90000542142724,24744800
2023-08-21,318.2057189941406,319.08554388527233,313.42097159988043,314.30079649101214,24040000
2023-08-22,318.779052734375,322.357724957099,317.7904679139887,321.7843590357293,16102000
2023-08-23,323.2672424316406,325.44214114565574,319.76764365334907,320.1235498834675,21166400
2023-08-24,316.3175048828125,329.1790038104103,316.3076093798751,329.05048294908903,23281400
2023-08-25,319.29315185546875,321.64595850158366,315.16084417438077,317.8003790491066,21684100
2023-08-28,320.00494384765625,322.4269587484768,318.0475348868792,321.9425618021561,14808500
2023-08-29,324.6611633300781,325.2246639510212,318.20570528498234,318.20570528498234,19284600
2023-08-30,325.03680419921875,326.0451498323158,322.72351939208045,324.9181788505266,15222100
2023-08-31,324.0186462402344,327.13268311963805,323.04982202852636,325.4422111283998,26411000
2023-09-01,324.9083251953125,328.20029972236824,323.0497807085255,327.52806921372286,14931200
2023-09-05,329.742431640625,331.0276099185002,324.9082678960457,325.2443830910927,18553900
2023-09-06,329.08013916015625,330.64208999362666,326.41094792069816,329.5744315993732,17535800
2023-09-07,326.14404296875,329.27784015884396,325.27408344304047,327.5082949368657,18381000
2023-09-08,330.4542541503906,332.32269403883413,325.699163331797,326.3219766279449,19530100
2023-09-11,334.0823669433594,334.5568985327326,331.60100931332755,333.39034548000865,16583300
2023-09-12,327.9827880859375,332.94550339059816,327.69612019842117,331.9865748697913,17565500
2023-09-13,332.22381591796875,333.0048063818992,327.38965178199726,327.52803797035625,16544400
2023-09-14,334.8337097167969,336.9690265009899,332.7280191029121,335.27855480966366,20267000
2023-09-15,326.45050048828125,333.54853269059,325.88699986571044,333.07403125618623,37666900
2023-09-18,325.3037414550781,326.6284415872305,322.63455018467687,324.058114839662,16834200
2023-09-19,324.89837646484375,325.6299497048408,320.8056512322667,322.446705559853,16505900
2023-09-20,317.1083679199219,325.827693989748,316.8513563606588,325.7486204721018,21436500
2023-09-21,315.88250732421875,321.6360782353787,311.40421928226147,315.6156002828941,35529500
2023-09-22,313.39129638671875,317.78061558235316,312.54109771841047,317.6520947233704,21447900
2023-09-25,313.91522216796875,314.04374301753984,311.4042083579565,312.9760545512673,17836000
2023-09-26,308.57684326171875,312.27414039183174,306.4810183520329,311.53270186557626,26297600
2023-09-27,309.2194519042969,310.7121944558891,306.1548329521496,308.7350248311766,19410100
2023-09-28,310.0597839355469,311.87877653956156,305.9176107720618,307.4400098031896,19683600
2023-09-29,312.1456604003906,315.82319717862225,311.38446094140835,314.12283006246753,24140300
2023-10-02,318.1265869140625,318.21558609786393,311.58216015238867,312.66960950158256,20570000
2023-10-03,309.8126220703125,317.7213009072656,307.657484158639,317.1676656330005,21033500
2023-10-04,315.31903076171875,316.38671934680445,310.4156581127954,310.4453144529802,20720100
2023-10-05,315.7144470214844,316.3273949780159,311.30536698470246,315.4475399696837,16965600
2023-10-06,323.5243225097656,325.43228423514756,312.68940966497536,312.93655590409384,25645500
2023-10-09,326.0550537109375,326.5295551178962,319.49083600200555,321.0429214154338,19891200
2023-10-10,324.6413879394531,327.32044439073553,323.92960565259705,327.1820280328287,20557100
2023-10-11,328.6253967285156,329.020824643838,325.3828395521265,327.42918731045415,20063200
2023-10-12,327.3797912597656,329.82159726019745,324.9676416006663,326.79652976741545,19313100
2023-10-13,323.9889221191406,330.01926553838706,322.63453553932317,328.58583561463803,21072400
2023-10-16,328.8428955078125,332.3029426566613,326.82617386510276,327.2710189684246,22158000
2023-10-17,328.2695007324219,329.65351356385685,323.67258696373347,325.8276948133406,18338500
2023-10-18,326.34173583984375,331.759191769858,324.55239964479256,328.6945726494821,23153600
2023-10-19,327.53790283203125,333.0344315650846,327.1325794689017,328.35841489061215,25052100
2023-10-20,322.9410400390625,328.13111072358873,321.73496526369917,327.9333816774439,25012600
2023-10-23,325.5607604980469,328.93183835802176,320.6870445710428,321.7547029032871,24374700
2023-10-24,326.7569885253906,328.0520324209601,323.8604418074662,327.51818809043544,31153600
2023-10-25,336.78118896484375,342.24806157017446,333.765987296064,341.08150860571766,55053800
2023-10-26,324.1470947265625,337.7302406507204,323.20792706940125,336.6526868052071,37828500
2023-10-27,326.0451965332031,332.876322086507,324.65128814798715,326.6581143687127,29856500
2023-10-30,333.4595642089844,335.5751503381647,328.04210819348634,329.60408920215934,22828100
2023-10-31,334.2503967285156,335.1302516935357,330.86945356194263,334.9819700053902,20265300
2023-11-01,342.11956787109375,343.45416345864317,335.7728398301243,335.9112561909914,28158800
2023-11-02,344.3439025878906,344.8480603761851,340.83440806099617,343.2762139918915,24348100
2023-11-03,348.77276611328125,350.34464276794165,343.36520510875204,345.63896864627054,23624000
2023-11-06,352.46014404296875,353.4586243635472,349.31645156155355,349.4153160772212,23828300
2023-11-07,356.41455078125,358.32251260101185,353.54766029950514,355.2974448981005,25833900
2023-11-08,359.0540466308594,359.7163816170377,356.4342725186346,357.55137827923454,26767800
2023-11-09,356.5726623535156,360.62586616316025,356.2464124670446,358.1642694379123,24847300
2023-11-10,365.4501953125,365.8752795812783,356.94835909084804,357.3635478564213,28042100
2023-11-13,362.4942932128906,364.2638685791425,361.7231982203745,364.0167223614231,19986500
2023-11-14,366.0433349609375,367.7041805891428,363.1566838302052,366.77490833178183,27683900
2023-11-15,366.1919250488281,369.6193627244979,363.6559833296178,367.7867626439103,26860100
2023-11-16,372.6307373046875,372.8090364808357,366.6970749456609,367.4697349394166,27182300
2023-11-17,366.3702087402344,370.84767066024057,363.5470174090878,370.09481157714856,40157000
2023-11-20,373.8887939453125,375.3053322916461,367.5093833628424,367.7273146646205,52465100
2023-11-21,369.5599365234375,372.6802933507884,367.62827122388927,372.13548017935176,28423100
2023-11-22,374.2949523925781,376.2167020543969,371.4420444315091,374.44353505087355,23345300
2023-11-24,373.8788757324219,374.4138035112927,371.61044336899096,373.7798105540461,10176600
2023-11-27,375.04779052734375,377.05872006421737,372.6604918874323,373.23502159050327,22179200
2023-11-28,379.0993347167969,379.3965000397917,374.6020413692927,374.7902561506727,20453100
2023-11-29,375.2855224609375,380.6842269423362,373.88878509131484,380.1493294028235,28963400
2023-11-30,375.3450012207031,376.51389184921896,371.9373642934916,374.92893951997735,30554400
2023-12-01,370.9864196777344,374.6020724832488,367.81651489373536,373.2152504766689,33020400
2023-12-04,365.6669006347656,366.0432999492324,359.4855901354516,365.6272685167618,32063300
2023-12-05,369.01507568359375,369.5698044164444,362.1800014727598,363.002209215325,23065000
2023-12-06,365.330078125,370.65946442979055,364.5673336677576,370.0255016850389,21182100
2023-12-07,367.4598388671875,367.9551344956752,362.87339651052025,364.7654294389967,23118900
2023-12-08,370.708984375,370.93680102116286,364.765436714598,365.7263114622475,20144800
2023-12-11,367.8065490722656,368.10374460980563,362.6554922898368,365.0131044942587,27708800
2023-12-12,370.8575439453125,370.897176058441,366.9744130807321,367.3607581652339,24838300
2023-12-13,370.8476867675781,374.086939898613,367.28155178547297,372.48215648382853,30955500
2023-12-14,362.4870910644531,370.24343838413614,360.70403869901645,369.79766017755225,43277500
2023-12-15,367.241943359375,368.8962139906386,362.8337997442001,363.39844407099264,78478200
2023-12-18,369.14385986328125,369.4905728812435,365.2112110016812,365.9739856872879,21802900
2023-12-19,369.7481384277344,369.7481384277344,366.3603026960237,367.9947723838569,20603700
2023-12-20,367.13299560546875,372.49209893738356,367.0438460032924,371.47179096076275,26316700
2023-12-21,370.0254821777344,370.8872917707244,366.5584126323143,369.0546918220557,17708000
2023-12-22,371.0556640625,371.65002486970394,369.20326322723065,370.1641379669173,17091100
2023-12-26,371.1349792480469,373.3935264411523,369.9858895911405,371.4717766979323,12673100
2023-12-27,370.5505065917969,371.53118233613856,369.3023518404904,370.17407704899347,14905400
2023-12-28,371.74908447265625,372.91797489669426,370.6396271054035,371.83823405783414,14327000
2023-12-29,372.50201416015625,373.61147173786514,369.9661024881211,372.46238203796617,18723000
2024-01-02,367.3805847167969,372.3632576668665,363.3191544056819,370.3424429826701,25258600
2024-01-03,367.1131591796875,369.7481357898977,365.04282689247566,365.5381225658885,23083500
2024-01-04,364.47821044921875,369.5896658174796,363.7154659367805,367.1825359158742,20901500
2024-01-05,364.2899475097656,368.5593935584056,363.0517083951845,365.4984700948147,20987000
2024-01-08,371.1646728515625,371.66988411040546,365.53812127674354,365.8253710003868,23134000
2024-01-09,372.25433349609375,372.4524336286839,367.6976072202341,368.509899386066,20830000
2024-01-10,379.1686096191406,380.5554615818058,372.77931406448965,372.828831535822,25514200
2024-01-11,381.01116943359375,387.00423522356067,376.8011560453087,382.3682747948277,27850800
2024-01-12,384.8150329589844,385.0230486833725,381.03096664819185,381.8630597761942,21645700
2024-01-16,386.59808349609375,390.32271672497956,383.9730224089054,389.9562027545636,27202300
2024-01-17,385.8056335449219,386.4395963207224,381.1894739959276,384.32966203351646,22234100
2024-01-18,390.16424560546875,390.2831117413872,386.4495277057587,388.03448005572534,23392100
2024-01-19,394.9190368652344,394.9190368652344,389.79766667261197,392.0364126276258,29272000
2024-01-22,392.7793884277344,396.85070439221124,389.8868483654438,396.25634353223927,27016900
2024-01-23,395.1468811035156,395.6223758316309,390.22364091426874,392.02652441578425,20525900
2024-01-24,398.7724304199219,401.8135529594447,396.6822972921996,397.7620381791371,24867000
2024-01-25,401.0606994628906,403.18057938018296,398.7427194215606,400.5158863337274,21021200
2024-01-26,400.12957763671875,402.3485229332517,398.64369053415635,400.5654402719064,17803300
2024-01-29,405.8651123046875,406.12267574413715,400.52581011271667,402.23954412902646,24510200
2024-01-30,404.7456970214844,409.1637257700459,402.6258473520781,408.38118040629575,33477600
2024-01-31,393.83929443359375,411.41240548584386,393.47278047208044,403.1310461052013,47871100
2024-02-01,399.9809875488281,404.161284395668,398.01960572688716,398.0493222591689,30657700
2024-02-02,407.3509826660156,408.7675210638453,399.7630491761005,400.0106970175581,28245000
2024-02-05,401.8333740234375,407.29154202131053,400.18898875911304,406.0433872498531,25352300
2024-02-06,401.6748962402344,404.1315737898632,399.1191837351809,402.06124139601184,18382600
2024-02-07,410.15435791015625,410.4020057606588,403.5669311328783,403.60656325348486,22340500
2024-02-08,410.2137756347656,411.65014520614363,408.6486545795197,410.1543425713037,21225300
2024-02-09,416.5931701660156,416.8606491715924,411.18454998916735,411.34304822902254,22032800
2024-02-12,411.3529968261719,416.7814183822025,410.8477855354943,416.6031191844753,21202900
2024-02-13,402.4971008300781,406.21181854248556,399.5946753127585,401.13007987504017,27824900
2024-02-14,406.3873596191406,406.73471379055,401.50465451788693,404.97813565927675,20401200
2024-02-15,403.4795837402344,406.03011869599004,401.22679392364836,405.0476293953427,21825500
2024-02-16,400.9985046386719,405.19646556123695,400.38320711756694,404.86894895397035,22281100
2024-02-20,399.7381591796875,401.4252604899609,394.9943773768075,400.1847314590158,24307900
2024-02-21,399.1327819824219,399.24196429062215,394.21037106162225,397.1380318118269,18631100
2024-02-22,408.5310363769531,409.70208857639847,405.47438600636866,407.08210687109107,27009900
2024-02-23,407.2309265136719,412.7090915973696,405.87131159465224,412.5205590554713,16295900
2024-02-26,404.4521789550781,409.0371695148512,404.27351975281573,408.34246112673543,16193500
2024-02-27,404.3926086425781,405.2262404801438,400.7901076502163,404.89872387010075,14835800
2024-02-28,404.6307678222656,406.1987830728558,402.24895832016676,405.0872739909664,13183100
2024-02-29,410.5059814453125,411.06173606105705,402.84447248671415,405.5438650287684,31947300
2024-03-01,412.3518371582031,412.71902889421233,407.76684684717014,408.153876143975,17800300
2024-03-04,411.7762451171875,414.18782621068357,409.19593875466035,410.307447886493,17596000
2024-03-05,399.5992126464844,411.1113283199567,397.60446252322527,410.8235170993726,26919200
2024-03-06,399.04345703125,402.0902036474927,395.37150921419715,399.91679432847235,22344100
2024-03-07,406.0400695800781,406.6752047214003,399.1923248157397,403.04293193355477,18718500
2024-03-08,403.14215087890625,407.3103404061873,401.2664565057241,404.8689575439801,17971700
2024-03-11,401.4550476074219,402.6062622273282,398.21976836345937,400.700826521959,16120800
2024-03-12,412.13348388671875,412.4212950799544,403.70782104780903,404.5315189350478,22457000
2024-03-13,411.9548645019531,415.0115145438447,408.33252598364385,414.93213401612815,17115900
2024-03-14,421.9981994628906,424.5785058716351,414.8229687362819,417.05592096351893,34157300
2024-03-15,413.264892578125,419.39806083838096,409.6623914264508,416.1131423873529,45049800
2024-03-18,414.1580505371094,417.54221722990445,410.6448639845401,411.111304092611,20106000
2024-03-19,418.2170715332031,418.4751112612702,412.40145573236146,414.6641794557911,19837900
2024-03-20,422.0081481933594,422.73259778034867,417.4727666861834,418.8026102027015,17860100
2024-03-21,426.11676025390625,427.55578606152034,423.9235133811952,426.57326646256405,21296200
2024-03-22,425.49151611328125,426.6030252593982,422.8417631107263,426.44426419825527,17636500
2024-03-25,419.65606689453125,424.1716107025241,418.41553787360243,422.0180389961963,18060500
2024-03-26,418.4552001953125,422.76231287812396,418.15748537548563,422.3851872487767,16725600
2024-03-27,418.2369079589844,421.23404544961727,415.83526074059097,421.2241115258407,16705000
2024-03-28,417.53228759765625,418.6735682140503,415.94440442920035,417.7704594727013,21871200
2024-04-01,421.3531188964844,424.64797113919235,419.0209183546172,420.7378213676411,16316000
2024-04-02,418.2468566894531,419.17973696688534,414.6741269340057,416.9269168072685,17912000
2024-04-03,417.2643737792969,420.0530807303401,415.91466239033053,416.5498278172216,16502300
2024-04-04,414.71380615234375,425.4220608182633,414.4061573873391,421.76992047315406,19370900
2024-04-05,422.2959289550781,423.2784485638512,415.1504997519638,416.8276974614869,16544300
2024-04-08,421.3729553222656,424.0425761054586,420.09272093696904,421.9485777283347,14272400
2024-04-09,423.0501708984375,424.4991003259259,418.4254750382327,423.20896224870864,12512300
2024-04-10,420.05303955078125,420.8171944866389,416.5200154975315,418.9911394928746,16216600
2024-04-11,424.6876220703125,426.11671379812606,419.1598179763637,422.5936238068228,17966400
2024-04-12,418.7033386230469,421.9584854811625,416.58947237839413,420.83704242845164,19232100
2024-04-15,410.5059814453125,423.5861130505976,410.29755074964197,423.36777871681545,20273500
2024-04-16,411.43878173828125,415.2298454910269,410.5952462785095,411.42887810136665,16765600
2024-04-17,408.71954345703125,415.7062108618487,407.22097481991534,414.08855629342435,15855500
2024-04-18,401.2069396972656,408.769230365435,400.8893872722647,407.5187673684452,21029900
2024-04-19,396.095947265625,402.4077746386735,394.7561698730406,400.9687488676842,30276500
2024-04-22,397.9219970703125,399.7976914523607,392.7514806878664,397.04865981007964,20286900
2024-04-23,404.48193359375,405.10716505974153,400.0060952402287,401.1771473553241,15734500
2024-04-24,405.9606018066406,409.3447683032301,403.69787828909796,406.4568133700171,15065300
2024-04-25,396.01654052734375,396.8601062584313,385.0899520019121,391.0444908759172,40586500
2024-04-26,403.2414245605469,409.87080464048637,402.6856699602139,409.04710666417816,29694700
2024-04-29,399.2022399902344,403.24140976178137,396.1654273618807,402.1795096483343,19582100
2024-04-30,386.380126953125,399.112934090919,386.2213658866136,398.44799719369325,28781400
2024-05-01,391.9476318359375,398.6762601059751,387.35270744745037,389.635268755834,23562500
2024-05-02,394.8256530761719,396.89981398666424,391.6598205584853,394.64702416400013,17709400
2024-05-03,403.5788269042969,404.06510458639696,398.815177316325,399.2320083912343,17446700
2024-05-06,410.4067077636719,410.7937370714025,403.29101993493754,405.66292597330005,16996600
2024-05-07,406.2384948730469,411.52812730475875,405.9903890817075,411.5181933814727,20018200
2024-05-08,407.4294128417969,409.1066104061556,403.6284151762591,405.07737479693975,11792300
2024-05-09,409.1959533691406,409.59291660377954,406.00034935781423,407.45921271703617,14689700
2024-05-10,411.59759521484375,412.23276061100023,408.67986853475014,409.8112455392715,13402300
2024-05-13,410.5852966308594,415.1802205470415,407.70727562461724,414.84280031878484,15440200
2024-05-14,413.40380859375,414.3267549073316,408.43175863614476,408.8981987547859,15109300
2024-05-15,420.6317443847656,421.35753100749633,414.85536761085484,415.48172683662517,22239500
2024-05-16,418.5538330078125,422.9582208339026,417.91755229509,419.35914332573157,17530100
2024-05-17,417.7783203125,420.4726599302369,415.6109428181483,420.09485405964773,15352200
2024-05-20,422.878662109375,424.30037978174784,417.55961512858175,417.778343258253,16272100
2024-05-21,426.5572509765625,430.46450167288947,422.39149513236316,424.36001790160714,21453300
2024-05-22,428.0286865234375,429.9077641693655,424.6583193119375,427.60118209872775,18073700
2024-05-23,424.5290832519531,431.090897164325,422.9582395726222,430.46453792464195,17211700
2024-05-24,427.6707763671875,428.565562226306,421.95405016489985,424.71796179341015,11845800
2024-05-28,427.8298645019531,428.3269711402922,424.13138989907134,427.14385491376675,15718000
2024-05-29,426.6865234375,428.44627000677747,423.22665032702537,423.22665032702537,15517100
2024-05-30,412.2704162597656,421.84466424386284,411.84288150879064,421.84466424386284,28424800
2024-05-31,412.7277526855469,414.3383733012913,402.1692127903504,414.3383733012913,47995300
2024-06-03,411.1270446777344,414.02020882309534,406.553688084388,413.1254229827006,17484700
2024-06-04,413.6623229980469,414.03017705380546,407.30928563189894,410.04337212748766,14348900
2024-06-05,421.5563659667969,421.6259378345122,413.89096003424896,415.39223173706347,16988000
2024-06-06,422.0633850097656,422.848821948627,418.14618249774657,421.5563568996983,14861300
2024-06-07,421.3973083496094,423.81323935854607,420.55222098628695,423.73371564550735,13621700
2024-06-10,425.39404296875,425.6028192678221,421.4370934236562,422.2424037753453,14003000
2024-06-11,430.1761779785156,430.3153823959729,422.78918087724,423.01786084549974,14551100
2024-06-12,438.5076904296875,440.8341457768561,430.7428874309175,432.8009161252906,22366200
2024-06-13,439.0246887207031,440.8242426789463,436.8274858579273,438.2989324414096,15960600
2024-06-14,440.00897216796875,440.5756810111054,434.19281849694386,435.74378876375306,13582000
2024-06-17,445.775390625,448.3305259626429,438.16966532085047,440.0288392462003,20790000
2024-06-18,443.75714111328125,447.53516969127554,442.3155500964385,447.10763493198164,17112500
2024-06-20,443.1208801269531,443.94606381625726,438.7164921470121,443.71738383441055,19877400
2024-06-21,447.17724609375,447.97260457820744,443.9261796037789,444.79114029939626,34486200
2024-06-24,445.0794677734375,450.13005783321864,443.82674934456685,447.197116551364,15913700
2024-06-25,448.3404541015625,448.80773551860256,444.1647465305247,445.65606632861267,16747500
2024-06-26,449.54345703125,450.9751265075422,445.59642930053803,446.4017395883299,16507000
2024-06-27,450.2294921875,453.5302875755873,449.1557248487335,449.56335593650766,14806300
2024-06-28,444.3636169433594,452.7448272217048,443.8267333016812,450.44819707911165,28362300
2024-07-01,454.0870361328125,454.72331684606445,443.0810879907853,446.0637277902953,17662800
2024-07-02,456.62225341796875,456.9304570935814,450.48794440717063,450.57745029839504,13979800
2024-07-03,458.1036376953125,458.3521910129211,455.23037712106725,455.5385808076234,9932800
2024-07-05,464.8543395996094,465.6397765538939,456.3140515175161,456.95033221316646,16000300
2024-07-08,463.5419921875,464.99356542878803,461.77229375422786,463.8501958785038,12962300
2024-07-09,456.8807678222656,464.6256672353131,455.3496709136752,464.29759021110544,17207200
2024-07-10,463.55194091796875,463.7607172108967,456.20469022907776,458.55104934272356,18196100
2024-07-11,452.06878662109375,462.0904430463112,448.93699054354346,460.3008712942663,23111200
2024-07-12,450.9254150390625,453.71915189160546,448.0422026334216,451.70090017355875,16324300
2024-07-15,451.3330383300781,454.6139602586164,448.8176800220224,450.67685394437046,14429400
2024-07-16,446.9187316894531,451.67106983710227,444.07529634239484,451.5915461266938,17175700
2024-07-17,440.9534606933594,442.2757813397234,436.63857872187197,440.0288496296795,21778000
2024-07-18,437.82171630859375,442.07694811849893,431.88626155510383,441.76874441556754,20794800
2024-07-19,434.5805358886719,438.58724438350157,429.5001207828966,430.59376141790096,20940400
2024-07-22,440.3768310546875,442.0272287343498,436.37015276462773,439.23349185507885,15808800
2024-07-23,442.2757873535156,445.7953108894537,440.53591409904936,441.33127259326983,13107100
2024-07-24,426.4180603027344,438.9252800797557,425.11564336198785,437.90124163761953,26805800
2024-07-25,415.97882080078125,427.3128458662045,415.0939867790631,426.31863260886945,29943800
2024-07-26,422.8090515136719,426.4379540941027,414.8553456338981,415.7799870015666,23583800
2024-07-29,424.2606506347656,429.6492697069918,422.2423988579534,429.0825608465564,15125800
2024-07-30,420.4726867675781,426.5671885866718,414.9448331085773,425.2448982961915,32687600
2024-07-31,415.92913818359375,419.33928250485553,409.8246539863894,418.0666907004293,42891400
2024-08-01,414.6962585449219,424.98637136355273,410.6995323530128,418.3549862264431,30296400
2024-08-02,406.1261901855469,412.59852862073603,402.0002109675361,410.1030434734576,29437900
2024-08-05,392.8633728027344,398.7193036046689,383.34874440032485,386.91799678720787,40709200
2024-08-06,397.29754638671875,403.3225066578681,396.1939842314513,397.6853041219084,24946500
2024-08-07,396.1243591308594,407.7069368759002,395.16992295159474,406.27529777749277,20650900
2024-08-08,400.3597106933594,403.51134950514665,397.6256244291568,400.1111573966137,20203000
2024-08-09,403.67047119140625,405.68872296700823,399.9322498333492,401.6919964430869,19276700
2024-08-12,404.4559020996094,406.39463013243375,401.9007666876047,404.7044554196647,16762900
2024-08-13,411.6142578125,412.54882074125726,407.1999483356839,407.2198216789193,19414300
2024-08-14,414.4477233886719,415.30276256625774,410.0632696291805,412.3996465083127,18267000
2024-08-15,419.34808349609375,419.42775054091777,415.991550712489,418.1229861127925,20752100
2024-08-16,416.7983093261719,419.6568394696199,415.6329698343419,418.919805326896,22775600
2024-08-19,419.8460998535156,420.06522222853687,414.7963458443911,417.2863590170559,15234000
2024-08-20,423.10302734375,424.15879050030776,419.9556774327427,420.015435317403,16387600
2024-08-21,422.4456787109375,424.69662989295495,420.03533264675815,422.38589043229285,16067300
2024-08-22,413.8899841308594,425.0851042062188,412.953736731063,422.66478826233237,19361900
2024-08-23,415.1250305175781,417.58516466451346,410.44379375355777,415.3142739439322,18493800
2024-08-26,411.83819580078125,415.6130641605339,409.6967906199474,414.70669574720716,13152800
2024-08-27,412.1867980957031,412.70470986954564,408.6111429903849,411.21070203411466,13492900
2024-08-28,408.95977783203125,413.3421950254565,405.68291191971673,413.22267925405737,14882700
2024-08-29,411.4696960449219,420.3640158924635,408.95977368399144,413.2824329478728,17045200
2024-08-30,415.4736328125,415.822210323597,410.48363692465733,413.93977626013776,24308300
2024-09-03,407.80438232421875,418.20267931936957,405.4040060811421,416.2405478075573,20313600
2024-09-04,407.26654052734375,409.5971891641853,402.7546379619835,404.2884945573242,15135800
2024-09-05,406.7585754394531,411.44975138862225,404.50759397621573,405.9916319874654,14195500
2024-09-06,400.0953063964844,409.0095348193582,399.19887738785627,407.4258901774711,19609500
2024-09-09,404.0992431640625,407.01753119323797,400.5434971977151,405.6131601713445,15295100
2024-09-10,412.5453796386719,414.66684525245614,406.0713456246143,406.56934824108026,19594300
2024-09-11,421.3500671386719,422.29625388353406,407.9438146629927,413.84017908445105,19266900
2024-09-12,425.29425048828125,425.6627675750461,418.07321227741465,421.6189886086143,17418800
2024-09-13,428.8699035644531,430.10494036688726,423.76039168984255,424.12890877471926,15874600
2024-09-16,429.6169128417969,431.79816683164466,426.50938123863534,428.87987866290234,13834700
2024-09-17,433.41168212890625,440.08492951868885,430.5431821213062,438.47140586333086,18874200
2024-09-18,429.0890197753906,434.28816840172493,428.6906237541022,433.2622842089649,18898000
2024-09-19,436.93756103515625,439.73633345516527,435.1547030637013,439.46742297057807,21706600
2024-09-20,433.53118896484375,437.4853309751932,432.4853956233,435.47341133704515,55167100
2024-09-23,431.77825927734375,434.7164566201473,428.6707276626035,432.5451724016005,15128900
2024-09-24,427.4555969238281,431.6188916752313,424.39785343692114,431.27028375011014,17015800
2024-09-25,430.3838195800781,431.38979462226376,426.8579828341436,428.11292879639643,13396400
2024-09-26,429.5870361328125,433.56108748494046,427.41575191106693,433.3519348863203,14492000
2024-09-27,426.3101501464844,430.1248672217253,425.762359424982,429.7961684722898,14896100
2024-09-30,428.5810546875,428.7006008520287,423.67075601092984,426.49940732473704,16807300
2024-10-01,419.00946044921875,426.7683500314763,417.1369656739266,426.73847108913304,19092900
2024-10-02,415.4636535644531,421.13092557899313,415.0453180067373,420.89186366215563,16582300
2024-10-03,414.87603759765625,417.8739927473743,412.63502577299244,415.9616796785687,13686400
2024-10-04,414.39794921875,418.07321108796054,413.3123071245128,416.5692334072243,19169700
2024-10-07,407.90399169921875,415.4437282135342,407.3661403625253,414.3381769946468,20919800
2024-10-08,413.0533447265625,413.99956190900485,406.5394920239681,409.25856700863125,19229300
2024-10-09,415.7923278808594,418.70067647812056,412.6449477589923,414.19871346026423,14974300
2024-10-10,414.1788330078125,415.68281071093077,411.49957636636015,413.57128437543724,13848400
2024-10-11,414.6568908691406,415.4636526469778,411.59914761969196,414.47761722865823,14144900
2024-10-14,417.4656677246094,422.3460875183581,415.8521136383557,416.10111495840073,16653100
2024-10-15,417.0672302246094,420.7923105426525,413.60115139482065,420.4934907291295,18900200
2024-10-16,414.45770263671875,414.6967341717602,408.84024879356656,413.51151588006746,15508900
2024-10-17,415.0552978515625,420.81220682616237,413.9298070859751,420.6727515049861,14820000
2024-10-18,416.48956298828125,417.97360109842316,414.5971590742364,415.47364856596283,17145300
2024-10-21,417.1070861816406,417.2863598354636,412.09718088424023,414.457708513249,14206100
2024-10-22,425.8022155761719,428.85992860317606,416.3700446113444,416.8182287379404,25482200
2024-10-23,422.9038391113281,429.3579337373482,420.8421009299413,429.13881136450993,19654400
2024-10-24,423.0333251953125,424.27833177082186,420.71261591698874,423.6309040350223,13581600
2024-10-25,426.43963623046875,430.79217425375066,424.8659613297776,425.0552047565001,16899100
2024-10-28,424.8858642578125,430.21449827781026,424.5970142324742,429.9356180313113,14882400
2024-10-29,430.2244873046875,431.43961494644003,424.09903059516625,426.29025434116863,17644100
2024-10-30,430.8021545410156,436.7483071680008,430.3738795735308,435.69254402246366,29749100
2024-10-31,404.72674560546875,414.4975548257246,404.67692710480617,413.70073237613923,53971000
2024-11-01,408.7306823730469,413.8401943287888,405.8721520793777,407.37612978056814,24230400
2024-11-04,406.82830810546875,408.78050033889826,403.9498686523884,408.1629515330161,19672300
2024-11-05,409.8163146972656,413.24257521436044,406.4498120639611,406.73866209939297,17626000
2024-11-06,418.50146484375,418.77040570560524,408.8800507986786,410.77248502778195,26681800
2024-11-07,423.7304992675781,425.14484007349097,418.2026823789465,419.5970836269586,19901800
2024-11-08,420.85205078125,424.7962229099081,420.095077093531,423.6209440547306,16891400
2024-11-11,416.34014892578125,423.11297221775334,414.3381687204943,420.83211176857736,24503300
2024-11-12,421.340087890625,422.744458901271,415.533390819855,416.57918414479684,19401200
2024-11-13,423.5014343261719,427.6149103778975,416.5393371261829,419.9556581526565,21502200
2024-11-14,425.1846923828125,426.4595778768523,418.3222016749388,423.30222788535474,30246900
2024-11-15,413.3421936035156,421.1110226744225,411.98764100476023,418.14294637599176,28247600
2024-11-18,414.0991516113281,416.72858966014985,410.45376875637714,413.21269235073834,24742000
2024-11-19,416.12103271484375,416.27042741990954,409.9059394231008,411.4597051471197,18133500
2024-11-20,413.8302001953125,415.62302783332285,408.93981090505724,415.2046922657536,19191700
2024-11-21,412.0437927246094,418.9399686403921,409.4689690149979,418.6605301722443,20780200
2024-11-22,416.16552734375,416.56472079906104,410.2374116400306,410.5467888521348,24814600
2024-11-25,417.95196533203125,420.23736087052777,414.0198472532827,417.54278213072394,27691100
2024-11-26,427.133544921875,428.18146205416855,418.01185069672323,418.75036014607525,23458900
2024-11-27,422.1435546875,426.37509083138485,421.17549451394376,424.2593075311874,18332400
2024-11-29,422.61260986328125,424.0297817162198,416.9639323784013,419.24935840992123,16271900
2024-12-02,430.1175842285156,432.13353107658475,420.4669212999132,420.72641076442574,20207200
2024-12-03,430.3371276855469,431.60457529422956,426.88402964452257,428.9798333762607,18302000
2024-12-04,436.544677734375,438.79017518476684,431.7642546343851,432.1634480898198,26009400
2024-12-05,441.7342529296875,443.770179142923,435.2971785217715,437.0436765362191,21697800
2024-12-06,442.682373046875,445.2073090094776,440.88595677867977,441.4148949698492,18821000
2024-12-09,445.12744140625,447.4328163406456,439.6184986530788,441.7143023543043,19144400
2024-12-10,442.4428405761719,448.7202622082635,440.71632196493806,443.500747434082,18469500
2024-12-11,448.0915222167969,449.4488165759074,443.1614051498909,443.1614051498909,19200200
2024-12-12,448.6603698730469,455.24716851093444,448.2112581986308,448.2112581986308,20834800
2024-12-13,446.37493896484375,450.5266178755225,444.6883184556146,447.5426110314286,20177800
2024-12-16,450.6863098144531,451.27512549789225,444.38893932865295,446.37494735046533,23598800
2024-12-17,453.5505676269531,454.3789237624039,448.67036888572403,450.10748972576295,22733500
2024-12-18,436.5147399902344,451.7441820228141,436.1454548251872,450.4168569277278,24444500
2024-12-19,436.15545654296875,442.29314366547726,435.4468858542376,440.73626782337294,22963700
2024-12-20,435.726318359375,442.85201454579715,427.7722660445124,432.2432815476765,64263700
2024-12-23,434.3790283203125,436.7742196281346,431.96385754199804,435.86603695951885,19152500
2024-12-24,438.4508361816406,438.7203153724094,433.32113775673025,433.7802087154167,7164500
2024-12-26,437.2332763671875,440.0576302640168,435.7562575113133,438.20133650274425,8194200
2024-12-27,429.66845703125,434.3490742197977,425.49682901810996,433.73031978660106,18117700
2024-12-30,423.9798583984375,426.6944166190143,421.05572893712207,425.2074080072107,13158700
2024-12-31,420.6565246582031,425.8760697244736,419.81820926028456,425.24732556190753,13246500
2025-01-02,417.74237060546875,425.2174031564215,414.01985416103116,424.67847521686525,16896500
2025-01-03,422.5028381347656,423.1814700735548,418.7004647827294,420.2373611517797,16662900
2025-01-06,426.99383544921875,433.450889550372,424.6285829292995,427.1435291929144,20573600
2025-01-07,421.5247802734375,429.7882097463078,419.957914728963,428.1415176926379,18139100
2025-01-08,423.7104187011719,426.11559975123726,420.69647292951623,422.61261379874435,15054600
2025-01-10,418.11163330078125,423.86008600637365,414.1894746460312,423.7802594986814,20201100
2025-01-13,416.35516357421875,417.66253969684465,411.4649750549722,414.4090535363967,17604800
2025-01-14,414.8382263183594,418.9000587938386,409.89811945983064,416.9739281792526,16935900
2025-01-15,425.4569091796875,427.29322350331137,417.4329894853562,418.29128437786517,19637800
2025-01-16,423.7303466796875,428.6305247845027,423.5407549144398,427.84212760615685,15300000
2025-01-17,428.1714782714844,433.61058460419247,427.31321381371214,433.22135040368397,26197500
2025-01-21,427.64251708984375,430.03770829379437,424.7483264493822,429.33912735658424,26085700
2025-01-22,445.30712890625,446.37496460039233,435.1275277712005,436.68440364505375,27803800
2025-01-23,445.8160705566406,445.85599903960934,440.61650492666485,441.1155043659929,18389300
2025-01-24,443.17138671875,445.7562002010948,440.5167060042179,444.2691915941594,15549500
2025-01-27,433.6903991699219,434.32913308449037,422.6525337820519,423.16152296669173,35647800
2025-01-28,446.30511474609375,447.4827461239755,430.51676503368185,433.73032267022137,23491700
2025-01-29,441.44482421875,445.98573732495043,439.51869372032735,445.79611510422404,23581400
2025-01-30,414.1595458984375,422.0137922192137,412.33322134699057,417.9319804505241,54586300
2025-01-31,414.22943115234375,419.84816997012905,414.0797374049759,418.141600337115,34223400
2025-02-03,410.09771728515625,414.57872255523336,407.8422300476431,410.7763492208031,25679100
2025-02-04,411.5447998046875,413.09171636714575,408.9200578355856,411.86416676091864,20532100
2025-02-05,412.4629821777344,413.0018796658512,409.5787506797878,411.5248607564065,16316700
2025-02-06,414.9879150390625,417.36315732347487,413.1715497090401,413.1715497090401,16309800
2025-02-07,408.9300537109375,417.8122379259866,407.2833615993766,415.6465973451397,22886800
2025-02-10,411.3951110839844,414.62861779989964,410.0977246861568,412.8821197108573,20817900
2025-02-11,410.6166687011719,411.6645553606299,408.48093644203584,408.8202828688126,18140600
2025-02-12,408.2214660644531,409.92803560329327,403.56079794352274,406.3951110778186,19121700
2025-02-13,409.7184753417969,410.17754630619044,405.54681680905935,406.185550721702,23891700
2025-02-14,407.6126708984375,408.0917213200678,405.06778596420224,406.9739674594389,22758500
2025-02-18,408.8202819824219,409.7783523938356,405.6865508328786,407.18354917543536,21423100
2025-02-19,413.94000244140625,414.6585628844229,406.8342549807474,407.06380569744374,24114200
2025-02-20,416.1300048828125,419.30999755859375,412.5400085449219,415.2900085449219,23508700
2025-02-21,408.2099914550781,418.04998779296875,407.8900146484375,417.3399963378906,27524800
2025-02-24,404.0,409.3699951171875,399.32000732421875,408.510009765625,26443700
2025-02-25,397.8999938964844,401.9200134277344,396.70001220703125,401.1000061035156,29387400
2025-02-26,399.7300109863281,403.6000061035156,394.25,398.010009765625,19619000
2025-02-27,392.5299987792969,405.739990234375,392.1700134277344,401.2699890136719,21127400
2025-02-28,396.989990234375,397.6300048828125,386.57000732421875,392.6600036621094,32845700
